,site,year,filename,profile_lower_y,profile_upper_y,bottom_of_sonic_1,ground_under_sonic1,bottom_of_sonic_2,ground_under_sonic2,Wz1,ground_under_wind_1,Wz2,ground_under_wind_2,THz1,ground_under_TH_1,THz2,ground_under_TH_2,bottom_of_wind_sensor,top_of_wind_sensor_body,image_scale,SH1,SH2,month,day
0,CP1,1995,CP1 1995 05 23.jpg,1534,1003,2291,2291,717,2362,-1.486151685,2320,-2.349831461,2306,-1.350764045,2275,-2.072831461,2275,816,994,-642.599278,0,-2.55991573,5,23
0,DY2,2013,DY2 2013 05 22 10 14 09 via D Houtz.JPG,1820,1402,1639,3132,3140,3140,2.421071823,3186,3.155657459,3206,2.095099448,3083,2.632265193,3060,1319,1138,653.4296029,2.284867403,0,5,22
0,EGP,2017,EGP 2017 via J Box.jpg,741,365,807,1316,1362,1362,2.128377551,1401,3.357918367,1384,1.749622449,1308,2.637153061,1288,739,641,353.7906137,1.438704082,0,vi, J
0,CP1,2005,CP1 2005 05 04 post J Box.JPG,1410,1135,1239,2102,869,2040,2.749015152,2026,3.621984848,1978,3.093166667,2063,4.268318182,2055,1435,1369,238.267148,3.621984848,4.914651515,5,4
0,NAU,2008,NAU 2008 05 02 18 30 04 via D Houtz.JPG,2300,1602,1743,3031,1114,2936,1.298228916,2916,2.357837349,2882,1.258180723,2914,2.402891566,2897,2292,2126,599.2779783,2.149253012,3.040325301,5,2
0,DY2,2009,DY2 2009 05 16 12 58 29 via D Houtz.JPG,2830,2084,2341,3688,3686,3686,1.119006623,3781,1.862870861,3768,0.903460265,3586,1.553768212,3567,2850,2548,1090.252708,1.235493377,0,5,16
0,HUM,2013,HUM 2013 05 26 12 27 17 via D Houtz.JPG,1897,1116,1897,3291,1664,3309,1.732423729,3120,2.565771186,3126,1.832190678,3220,2.900283898,3292,1877,1641,851.9855596,1.636177966,1.930783898,5,26
0,DY2,2007,DY2 2007 04 25c.jpg,983,732,802,1628,743,1621,2.119778947,1616,2.874968421,1615,2.046884211,1598,2.764168421,1599,986,891,342.9602888,2.408442105,2.560063158,4,25
0,SUM,2005,SUM 2005 05 27 J Box.JPG,1397,1050,1122,2222,2165,2165,1.845909836,2120,2.536139344,2095,2.113827869,2216,2.913040984,2214,1428,1306,440.433213,2.497540984,0,5,27
0,DY2,1999,DY2 1999 04 17a pre J Box.jpg,2172,1870,1989,2341,1544,2366,0.59937069,2295,1.322913793,2305,0.594594828,2333,1.313362069,2318,2160,2044,418.7725632,0.840551724,1.96287931,4,17
0,GIT,2021,GIT 2021 08 12-2.jpg,864,725,836,1142,1139,1139,2.452264706,1122,-1.018382353,695,2.615205882,1141,3.348441176,1129,727,693,122.7436823,2.493,0,8,12
0,JR3,2002,JR3 2002 after maintenance b J Box.JPG,459,306,472,472,326,441,0.261611111,495,1.143907407,484,0.128240741,447,0.83612963,437,494,440,194.9458484,0,0.589907407,af,er
0,NSE,2007,NSE 2007 04 25 05 55 09 via D Houtz.JPG,1428,1103,1166,2176,847,2164,2.514076087,2196,3.450456522,2187,2.327402174,2136,3.296902174,2130,1446,1354,332.1299639,3.040978261,3.965315217,4,25
0,CP1,2001,CP1 2001 01 03 J Box.jpg,280,203,248,383,378,378,1.574526316,369,2.667947368,365,1.632842105,375,-0.014578947,374,277,258,68.59205776,1.968157895,0,1,3
0,TUN,2008,TUN 2008 04 30 17 30 38 via D Houtz.JPG,1935,1547,2101,2187,1686,1990,0.492039474,2166,0.313447368,1961,0.978611842,1985,1.313927632,2165,2033,1881,548.7364621,0.156723684,0.554,4,30
0,NAU,2005,NAU 2005 05 25 J Box.jpg,1524,1032,1161,1728,718,1683,0.660912281,1691,1.832087719,1685,0.716798246,1725,1.958438596,1721,1525,1411,411.5523466,1.377710526,2.344780702,5,25
0,CP1,2021,CP1 2021 06 17a GEUS AWS J Box.jpg,880,424,912,1744,542,1628,2.190430769,1769,2.691161538,1647,1.928346154,1704,2.959638462,1752,868,738,469.3140794,1.7728,2.314015385,6,17
0,CP1,2012,CP1 2012 05 01 15 37 20 via D Houtz.JPG,2416,1778,2238,3855,1037,4045,3.05191716,4027,4.143526627,4003,2.524142012,3838,3.435455621,3814,2323,2154,610.1083032,2.650349112,4.930272189,5,1
0,JAR,2013,JAR 2013 05 11 10 59 19 via D Houtz.JPG,2880,2176,2869,2897,2310,2957,0.444776423,2896,0,2986,0.352443089,3049,1.203711382,2990,2747,2501,888.0866426,0.031528455,0.72853252,5,11
0,JAR,2013,JAR 2013 05 11 10 59 19 via D Houtz.JPG,2876,2160,2871,2916,2301,2924,0.445848606,2919,0,2986,0.301278884,3007,1.087031873,2942,2749,2498,906.1371841,0.049661355,0.687533865,5,11
0,JR2,2003,JR2 2003 04 27a K Steffen.jpg,835,454,1913,1913,374,1951,3.201794118,1923,4.676411765,1930,3.128470588,1886,3.848127451,1843,840,738,368.2310469,0,4.282637255,4,27
0,NAE,2018,NAE 2018 via D Houtz.jpg,5315,3574,5630,7036,3357,7053,1.44053222,7043,2.613319809,7068,1.342689737,7043,2.483083532,7042,5265,4846,1512.635379,0.92950358,2.443417661,vi, D
0,GIT,2021,GIT 2021 08 12-3.jpg,745,425,767,1436,463,1436,2.3233375,1365,3.774125,1435,2.624575,1442,3.649475,1418,769,689,288.8086643,2.3164125,3.3690125,8,12
0,JR3,2002,JR3 2002 after maintenance J Box.JPG,473,310,480,480,339,447,0.245038462,500,-0.015980769,416,0.261019231,463,0.985480769,452,316,264,187.7256318,0,0.575307692,af,er
0,DY2,2007,DY2 2007 04 25b.jpg,1047,741,825,1828,743,1766,2.167268519,1800,2.926453704,1787,2.177527778,1792,2.934148148,1779,1048,940,389.8916968,2.572509259,2.623805556,4,25
0,SDM,2019,SDM 2019 05 18 17 34 42 via D Houtz.JPG,2583,2008,2077,3540,1671,3352,1.69799435,3494,2.615067797,3464,1.363090395,3371,2.370932203,3411,2579,2402,638.9891697,2.289553672,2.630717514,5,18
0,SDM,2013,SDM 2013 05 21 10 46 08 via D Houtz.JPG,1884,1558,1598,2001,1353,2001,0.635189655,2056,1.518724138,2053,0.649517241,2090,1.236948276,2023,1895,1779,418.7725632,0.962336207,1.54737931,5,21
0,CP1,2009,CP1 2009 04 27 10 55 21 via D Houtz.JPG,2841,2142,2543,4071,1278,4122,2.550187097,4111,0,2039,2.462619355,4019,3.531303226,3924,2832,2677,559.566787,2.730683871,5.082503226,4,27
0,SDM,2021,SDM 2021 06 21a GEUS AWS J Box.jpg,837,445,855,1638,400,1663,2.410158879,1650,3.564757009,1647,2.016663551,1563,3.127252336,1610,821,714,386.2815884,2.027018692,3.269635514,6,21
0,SDM,2018,SDM 2018 05 20 14 40 07 via D Houtz.JPG,5911,4533,4731,7404,3640,7207,1.226808057,7336,2.227158768,7414,1.103405213,7294,1.950815166,7238,5856,5434,1523.465704,1.754552133,2.341372038,5,20
0,HUM,1995,HUM 1995 J Box.jpg,2424,1426,3420,3420,1458,3376,1.281397638,3379,2.226905512,3344,1.361007874,3405,2.52026378,3438,2454,2200,916.967509,0,2.091677165,J ,ox
0,NEM,2019,NEM 2019 05 20 15 35 03 via D Houtz.JPG,3059,2180,3283,3819,2425,3641,0.822536111,3829,1.531194444,3818,0.628636111,3739,1.168016667,3617,3104,2744,1299.638989,0.412422222,0.935644444,5,20
0,DY2,2018,DY2 2018 05 20 18 12 28 via D Houtz.JPG,4764,3390,3882,7727,3068,7731,1.957466667,7827,2.659743137,7772,1.881427451,7811,2.622809804,7762,4711,4201,1841.155235,2.088362745,2.53264902,5,20
0,TUN,2015,TUN 2015 05 21 21 36 20 via D Houtz.JPG,3113,2477,2845,4055,2762,3907,1.719512712,4357,2.53290678,4366,1.423733051,4161,2.108016949,4146,3117,2881,851.9855596,1.420211864,1.343919492,5,21
0,NEM,2008,NEM 2008 08 02 21 09 03 via D Houtz.JPG,148,99,156,156,114,157,0.237428571,155,1.042047619,157,0.131904762,157,0.910142857,159,98,77,75.81227437,0,0.567190476,8,2
0,CP1,2007,CP1 2007 04 26 18 24 26 via D Houtz.JPG,2091,1594,1884,2646,982,2588,1.556017391,2602,2.507452174,2547,1.594556522,2639,2.851895652,2636,2065,1950,415.1624549,1.835426087,3.868365217,4,26
0,SWC,1999,SWC 1999 05 25 Nicolas Cullen-6.jpg,944,730,1021,1199,1158,1158,1.031586207,1184,0,1167,-0.041390805,1155,0,1145,943,856,314.0794224,0.566735632,0,5,25
0,TUN,2012,TUN 2012 05 26 06 36 26 via D Houtz.JPG,2155,1766,2163,3027,1835,3139,2.513145455,3030,3.175427273,2943,2.455227273,3028,3.432281818,3010,1793,1683,397.1119134,2.175709091,3.283709091,5,26
0,NAU,2012,NAU 2012 05 23 09 52 25 via D Houtz.JPG,2676,1778,2018,3512,3448,3448,1.134806452,3510,2.222701613,3498,1.010826613,3386,2.006016129,3398,2735,2487,895.3068592,1.668701613,0,5,23
0,SW1,1994,SW1 1994 04c J Box.jpg,1910,256,2244,2244,2244,2244,,2244,,2244,,2244,,2244,2244,2244,0,,,4, J
0,GIT,2014,GIT 2014 05 21 03 05 28 via D Houtz.JPG,2904,2345,3906,3906,2408,3914,1.956556338,3826,2.933859155,3809,2.311584507,3896,3.390323944,3898,2959,2817,512.6353791,0,2.937760563,5,21
0,NAE,2015,NAE 2015 05 22 16 47 08 via D Houtz.JPG,3499,2414,3668,3668,2268,3629,0.554978799,3894,1.715833922,3882,0.420883392,3676,1.477985866,3671,2409,2126,1021.66065,0,1.332144876,5,22
0,JR3,2002,JR3 2002 J Box.JPG,205,157,301,301,168,296,2.097285714,298,3.007428571,296,2.037928571,297,3.027214286,298,205,191,50.54151625,0,2.532571429,J ,ox
0,NAU,2005,NAU 2005 05 25 15 44 25 via D Houtz.JPG,1855,1315,1419,3172,863,3135,2.962112903,3109,3.958419355,3044,3.149758065,3118,4.329241935,3103,1899,1775,447.6534296,3.915975806,5.075354839,5,25
0,NSE,2015,NSE 2015 05 25 14 42 40 via D Houtz.JPG,3235,2298,2850,3959,1068,3897,0.945577273,3731,2.032172727,3715,1.075263636,3888,2.362054545,3917,3205,2985,794.2238267,1.396331818,3.561968182,5,25
0,TUN,2018,TUN 2018 after via D Houtz.jpg,4432,3326,7777,7777,4050,7829,2.612674757,7884,3.405351942,7892,2.339036408,7674,2.933376214,7554,4380,3968,1487.364621,0,2.540735437,af,er
0,NAE,1999,NAE 1999 or CP1.jpg,2949,2144,3110,3652,2022,3685,1.237162921,3573,2.765331461,3703,1.352320225,3648,2.608157303,3657,2949,2771,642.599278,0.843449438,2.587926966,or,CP
0,JAR,1996,JAR 1996 .jpg,2215,1797,2748,2748,2082,2826,1.058931429,2635,1.69524,2615,1.153902857,2839,1.848777143,2839,2122,1947,631.7689531,0,1.177645714,.j,g
0,DY2,2007,DY2 2007 04 25a.jpg,716,522,608,1218,544,1179,2.081051282,1214,2.812615385,1214,1.978064103,1206,2.560474359,1193,704,626,281.5884477,2.166282051,2.255064103,4,25
0,GIT,2015,GIT 2015 05 21 15 50 43 via D Houtz.JPG,3252,2557,3367,3906,2221,3706,1.230761364,3887,2.222295455,3838,1.353522727,3855,2.308857955,3801,3281,3105,635.3790614,0.8483125,2.3371875,5,21
0,SDL,2010,SDL 2010 04 30 16 17 51 via D Houtz.JPG,2227,1691,2925,3689,1726,3596,2.536340136,3550,3.565197279,3545,3.118605442,3735,4.345319728,3765,2341,2194,530.6859206,1.439646259,3.523741497,4,30
0,JAR,2002,JAR 2002 05 10post J Box-2.jpg,511,358,426,510,367,483,0.25609434,494,0.25609434,512,0.240415094,509,1.050509434,509,356,303,191.3357401,0.439018868,0.606264151,5,10
0,NAE,2006,NAE 2006 05 03 07 17 45 via D Houtz.JPG,1873,1352,1975,2256,1316,2142,1.066559055,2239,2.137480315,2213,1.016393701,2227,2.207275591,2248,1877,1750,458.4837545,0.612889764,1.801590551,5,3
0,SDL,2013,SDL 2013 05 22 08 16 09 via D Houtz.JPG,2491,1792,2643,3177,1810,3134,1.450402778,3113,2.831555556,3139,1.552354167,3143,2.989291667,3105,2504,2360,519.8555957,1.027208333,2.546861111,5,22
0,SDM,2017,SDM 2017 05 22 15 34 47 via D Houtz.JPG,1871,1548,1615,1962,1327,1895,0.513079545,1918,1.551829545,1923,0.478454545,1975,1.5235,1975,1841,1753,317.6895307,1.092261364,1.787909091,5,22
0,NAU,2021,NAU 2021 08 17 via A Pedersen.jpg,1059,768,837,1153,539,1200,0.765823529,1182,2.012323529,1188,0.721014706,1183,2.057132353,1180,762,694,245.4873646,1.287235294,2.692602941,8,17
0,SWC,2015,SWC 2015 05 08 12 26 06 via D Houtz.JPG,4868,3666,5417,6284,6240,6240,1.242406404,6465,2.174381773,6377,0,6290,1.889194581,6164,5046,4640,1465.703971,0.591524631,0,5,8
0,NUU,2021,NUU 2021 09 10.jpg,417,417,470,1315,1310,1310,2.6592,1317,0,1312,2.5484,1321,0,1316,417,312,379.0613718,2.229190476,0,9,10
0,SDM,2005,SDM 2005 05 27 14 02 30 via D Houtz.JPG,1470,1203,1260,2203,949,2217,2.620606742,2220,3.408033708,2212,2.461876404,2207,3.227516854,2197,1460,1371,321.299639,2.934955056,3.94647191,5,27
0,CP1,2015,CP1 2015 01 04 14 41 00 via D Houtz.JPG,4941,3396,4110,6710,2438,6740,1.730637168,6786,2.886029499,6779,1.903864307,6778,3.243106195,6763,3564,3225,1223.826715,2.124483776,3.51520354,1,4
0,NAU,2013,NAU 2013 05 25 10 28 43 via D Houtz.JPG,2991,2113,2353,3320,1602,3361,0.6925,3256,1.930159574,3260,0.760276596,3342,2.074553191,3347,2958,2770,678.700361,1.424781915,2.591718085,5,25
0,DY2,2003,DY2 2003 05 09a post J Box.JPG,317,230,584,584,253,582,2.938178571,584,3.818642857,584,2.760107143,565,3.521857143,558,314,286,101.0830325,0,3.25475,5,9
0,JAR,2015,JAR 2015 05 07 18 48 42 via D Houtz.JPG,2472,1664,2597,3053,1747,3066,1.015270386,3025,1.852214592,3016,1.033103004,3120,2.114948498,3124,2385,2152,841.1552347,0.542111588,1.568081545,5,7
0,SW1,2018,SW1 2018 05 01 14 22 42 via D Houtz.JPG,2623,464,2716,3374,2722,3306,2.246777778,3344,7.834343434,3300,2.445434343,3370,8.808040404,3397,2638,2539,357.400722,1.841070707,1.634020202,5,1
0,SUM,2016,SUM 2016 05 22 15 29 10 via D Houtz.JPG,2279,1668,1850,4063,1689,3914,2.324337778,3995,3.093782222,4016,2.243084444,3911,3.014991111,3925,2328,2103,812.2743682,2.724448889,2.739222222,5,22
0,JR3,2003,JR3 2003 06 03pre K Steffen.jpg,589,373,1144,1144,409,1151,2.972803571,1146,4.061017857,1148,3.051946429,1139,4.110482143,1134,384,328,202.166065,0,3.67025,6,3
0,SDL,2018,SDL 2018 b via D Houtz.JPG,5357,4454,5597,7248,4393,7298,2.634018182,7278,3.860372727,7325,2.651645455,7227,3.770977273,7187,5401,5181,794.2238267,2.078759091,3.657659091,b ,ia
0,SUM,2018,SUM 2018 05 21 19 16 05 via D Houtz.JPG,4993,3444,3949,7349,2837,7401,1.453581994,7770,2.23292283,7750,1.262532154,7321,1.913615756,7288,5124,4502,2245.487365,1.51414791,2.0325209,5,21
0,CP1,2021,CP1 2021 06 17b GEUS AWS J Box.jpg.jpg,830,358,892,1653,486,1660,2.309982143,1670,3.281955357,1654,2.552357143,1716,3.420455357,1680,845,733,404.33213,1.882116071,2.903553571,6,17
0,SW1,2012,SW1 2012 05 22 15 35 51 via D Houtz.JPG,2433,685,3270,3270,3270,3270,3.202390244,3301,9.076817073,3282,3.114560976,3280,8.951829268,3257,2433,2351,296.0288809,0,0,5,22
0,SUM,2009,SUM 2009 05 19 16 36 08 via D Houtz.JPG,3163,2354,2556,3755,2109,3837,0.857132075,3889,1.654160377,3957,0.742150943,3713,1.409389937,3724,3229,2911,1148.01444,1.04441195,1.505207547,5,19
0,CP1,2014,CP1 2014 04 30 16 24 52 via D Houtz.JPG,2843,1979,2608,4163,1052,4331,2.217231111,4341,3.375706667,4326,1.838048889,4161,2.821706667,4178,2755,2530,812.2743682,1.914377778,4.036813333,4,30
0,NAU,2005,NAU 2005 05 25 12 31 02 via D Houtz.JPG,2641,1854,2046,2926,1396,2964,0.834901408,2840,2.180887324,2835,0.850507042,2957,2.465690141,2943,2556,2414,512.6353791,1.716619718,3.058704225,5,25
0,SWC,1995,SWC 1995 J Box-2.jpg,3240,1985,2241,3442,1432,3528,0.57490566,3414,1.999103774,3418,0.551386792,3526,2.073580189,3514,3170,2958,765.3429603,1.569231132,2.738641509,J ,ox
0,DY2,2007,DY2 2007 04 25d.jpg,1074,740,771,1901,586,1859,2.190587156,1859,2.909770642,1847,2.292238532,1860,3.19693578,1861,1104,995,393.5018051,2.871651376,3.235055046,4,25
0,NAU,2006,NAU 2006 04 26 08 00 34 via D Houtz.JPG,1944,1469,1634,2845,1162,2874,2.640560748,2869,3.85728972,2879,2.692336449,2878,4.025560748,2885,1501,1394,386.2815884,3.135018692,4.432,4,26
0,GIT,2019,GIT 2019 05 19 17 16 25 via D Houtz.JPG,3328,2469,3461,3727,1917,3508,0.649257919,3673,1.734696833,3699,0.907457014,3737,2.015457014,3774,3385,3164,797.833935,0.333402715,1.994149321,5,19
0,SUM,2013,SUM 2013 05 29 16 58 06 via D Houtz.JPG,2126,1602,1716,3072,1348,3035,1.565839378,3039,2.276279793,3002,1.551487047,3030,2.366699482,3049,2146,1953,696.7509025,1.946176166,2.421238342,5,29
0,DY2,1996,DY2 1996 05 28a J Box.jpg,1520,1104,2031,2031,1226,2026,1.251868217,2024,2.218147287,2018,1.305550388,2027,2.220294574,2030,1106,977,465.7039711,0,1.717829457,5,28
0,SWC,1995,SWC 1995 .jpg,2188,1739,1921,3034,1774,2960,1.268100917,2914,1.804311927,2922,1.336715596,3008,1.8005,2962,1724,1506,787.0036101,1.414224771,1.506981651,.j,g
0,NSE,2005,NSE 2005 05 26 05 29 53 via D Houtz.JPG,2119,1744,1832,2946,1522,2923,2.756010101,3007,3.782868687,3011,2.568545455,2971,3.60659596,2981,2119,2020,357.400722,3.116949495,3.919969697,5,26
0,NGP,2005,NGP 2005 05 26e pre J Box.JPG,2135,1630,1426,2223,1149,2292,0.528165803,2392,1.377823834,2408,0.262647668,2240,1.023321244,2210,2207,2014,696.7509025,1.143880829,1.640471503,5,26
0,PET,2004,PET 2004 05 08 08 19 21 via D Houtz.JPG,1563,1022,1711,2401,1750,2428,1.685791411,2394,2.486202454,2349,1.634809816,2388,2.608558282,2387,1561,1398,588.4476534,1.172576687,1.152184049,5,8
0,JAR,2004,JAR 2004 05 23 08 03 48 via D Houtz.JPG,1179,2130,827,2113,2118,2118,-0.290979037,2155,-0.27291382,2153,-0.355282609,2147,-0.21076087,2137,816,2104,-4649.819495,-0.276569876,0,5,23
0,PET,2011,PET 2011 06 01 16 28 20 via D Houtz.JPG,2548,1882,2622,2694,2863,2932,0.559682051,2657,1.420512821,2656,0.568205128,2913,1.663420513,2890,1839,1644,703.9711191,0.102276923,0.098015385,6,1
0,SW1,2006,SW1 2006 05 09 12 51 29 via D Houtz.JPG,2108,270,2937,2937,2937,2937,2.76355814,2895,8.403406977,2865,3.117860465,2965,9.025046512,2952,2118,2032,310.4693141,0,0,5,9
0,GIT,1999,GIT 1999 04 29 pre Nicolas Cullen.jpg,1274,979,1316,1316,897,1366,0.244832258,1375,0.807767742,1343,0,1311,0,1311,1045,890,559.566787,0,0.838148387,4,29
0,JAR,2005,JAR 2005 05 12 16 21 58 via D Houtz.JPG,1185,872,986,1170,901,1161,0.295466667,1182,1.036771429,1166,0.33767619,1199,1.105361905,1184,882,777,379.0613718,0.485409524,0.685904762,5,12
0,JAR,2003,JAR 2003 04a J Box.jpg.jpg,425,303,353,613,303,631,1.517729167,639,2.221770833,634,1.4715625,643,2.054416667,630,419,371,173.2851986,1.500416667,1.892833333,4, J
0,JAR,2016,JAR 2016 05 08 00 06 54 via D Houtz.JPG,3784,2558,4008,4275,2603,4130,0.488220044,4107,1.18343573,4083,0.357263617,4045,1.146019608,4067,3741,3282,1657.039711,0.161130719,0.921522876,5,8
0,JAR,2011,JAR 2011 05 06 09 05 53 via D Houtz.JPG,1997,1997,1997,1997,1997,1997,,1997,,1997,,1997,,1997,1997,1997,0,,,5,6
0,EGP,2016,EGP 2016 05 24 19 55 06 via D Houtz.JPG,2995,1911,2861,3651,1539,3618,0.762739286,3636,2.136857143,3695,0.596539286,3367,1.476014286,3334,3128,2848,1010.830325,0.781535714,2.056725,5,24
0,TUN,1996,TUN 1996 J Box-2.jpg,2290,1332,1603,3284,1389,3313,1.49415678,3317,2.558728814,3292,1.469508475,3335,2.604504237,3314,2284,2048,851.9855596,1.973038136,2.258254237,J ,ox
0,JR2,2003,JR2 2003 04 27b K Steffen.jpg,625,248,1527,1527,294,1560,2.650061856,1502,4.020783505,1554,2.964185567,1539,3.775195876,1526,235,138,350.1805054,0,3.615278351,4,27
0,DY2,2016,DY2 2016 05 19 22 01 37 via D Houtz.JPG,2758,2166,2421,3496,2125,3499,1.261630252,3602,2.037928571,3600,1.061445378,3496,1.639886555,3469,2745,2507,859.2057762,1.251155462,1.599151261,5,19
0,CP1,2006,CP1 2006 05 08 08 38 37 via D Houtz.JPG,1431,1022,1219,2206,495,2166,2.48998913,2188,3.284858696,2070,2.637521739,2191,3.938217391,2198,1451,1359,332.1299639,2.971728261,5.031163043,5,8
0,CP1,2002,CP1 2002 b J Box.JPG,568,435,523,727,263,756,1.929107143,729,3.1855,726,1.988464286,744,3.234964286,734,562,534,101.0830325,2.018142857,4.877178571,b , B
0,NAU,2003,NAU 2003 06 01 11 20 23 via D Houtz.JPG,1685,1639,1745,2029,1231,2052,1.239210526,1970,0,2063,1.290236842,2041,0,2058,1564,1450,411.5523466,0.690070175,1.994885965,6,1
0,CP1,2002,CP1 2002 05 24a J Box.jpg,428,300,373,609,156,614,1.98228125,624,3.03834375,592,1.56678125,600,2.77,607,427,395,115.5234657,2.042875,3.9645625,5,24
0,CP1,2010,CP1 2010 05 09 19 41 56 via D Houtz.JPG,2964,2101,2595,3582,1073,3820,1.370694836,3834,2.524211268,3809,1.085892019,3568,2.157478873,3579,2992,2779,768.9530686,1.28356338,3.572389671,5,9
0,NAE,2011,NAE 2011 06 02 11 13 23 via D Houtz.JPG,2170,1632,2283,2905,1625,2892,1.86975,2875,3.135726563,2901,1.785351563,2879,2.64015625,2819,2139,2011,462.0938628,1.346046875,2.741867188,6,2
0,JR3,2002,JR3 2002 JBox.JPG,288,202,461,461,230,446,2.162730769,459,3.174846154,459,1.896384615,448,2.706076923,440,186,160,93.86281588,0,2.301230769,JB,x.
0,NEM,2011,NEM 2011 06 02 04 12 49 via D Houtz.JPG,2155,1544,2160,2160,1804,2349,0.179235294,2025,0.879882353,1959,0,2184,1.03875,2285,1510,1306,736.4620939,0,0.74002451,6,2
0,NAE,2008,NAE 2008 05 02 13 07 06 via D Houtz.JPG,1754,1310,2687,2687,1303,2633,3.06619802,2729,4.316811881,2729,0,2680,3.699732673,2595,1255,1154,364.6209386,0,3.647623762,5,2
0,JAR,2005,JAR 2005 08 10 15 19 18 via J Box.jpg,1019,862,943,1204,925,1298,1.8836,1275,2.759927273,1296,1.505872727,1303,2.357018182,1322,806,751,198.5559567,1.314490909,1.878563636,8,10
0,TUN,2008,TUN 2008 05 01 21 12 28 via D Houtz.JPG,1572,1268,1511,2815,1424,2719,3.184316239,2770,4.005846154,2772,2.77,2698,3.449478632,2692,1532,1415,422.3826715,3.087247863,3.065940171,5,1
0,CP2,1998,CP2 1998 J Box.jpg,2001,792,937,2003,981,2039,0,2002,0,2002,1.879539267,1942,1.875188482,1930,807,616,689.5306859,1.545979058,1.534376963,J ,ox
0,SWC,2009,SWC 2009 04 24 05 46 22 via D Houtz.JPG,2996,2291,2368,3865,2308,3729,1.277774194,4028,2.127762097,4042,1.028697581,3666,1.844060484,3699,3121,2873,895.3068592,1.672052419,1.587165323,4,24
0,SDL,2008,SDL 2008 05 03 17 15 00 via D Houtz.JPG,2205,1637,1753,2724,1702,2795,1.413655172,2852,2.705048276,2869,1.302855172,2740,2.336351724,2727,2249,2104,523.465704,1.854944828,2.088006897,5,3
0,JAR,2020,JAR 2020 08 07a J Box.jpg,2979,795,2972,2971,965,2883,0,2923,2.376639405,2918,2.431215613,2972,0,2972,863,594,971.1191336,-0.00102974,1.975040892,8,7
0,SDM,2009,SDM 2009 05 15 15 46 14 via D Houtz.JPG,3706,2956,3724,3724,3008,3690,0.12458952,3814,1.180576419,3812,0.279419214,3650,1.121305677,3641,3066,2837,826.7148014,0,0.824951965,5,15
0,DY2,2011,DY2 2011 05 29 15 13 18 via D Houtz.JPG,1914,1550,1749,2940,1551,2993,2.502551724,3035,3.255227586,3031,2.175882759,2953,2.871248276,2978,1861,1716,523.465704,2.27522069,2.754717241,5,29
0,SDM,1997,SDM 1997 J Box c.jpg,1966,1669,2043,2589,1711,2597,2.286788889,2600,3.259366667,2612,2.129822222,2596,3.053155556,2610,1946,1856,324.9097473,1.680466667,2.726911111,J ,ox
0,JAR,2002,JAR 2002 in enclosure J Box.JPG,1051,1051,1051,1051,1051,1051,,1051,,1051,,1051,,1051,1051,1051,0,,,in,en
0,SDM,1997,SDM 1997 J Box b.jpg,3321,2476,3536,5091,2631,5089,2.153418519,5115,3.066492593,5094,2.048774074,5131,2.7977,5071,3294,3024,974.7292419,1.595314815,2.521725926,J ,ox
0,SUM,2015,SUM 2015 05 23 23 23 10 via D Houtz.JPG,3388,2528,2806,4202,2388,4099,0.943692547,4192,1.656838509,4185,0.88089441,4155,1.627590062,4153,3396,3074,1162.454874,1.200906832,1.471885093,5,23
0,DY2,2015,DY2 2015 05 26 19 58 10 via D Houtz.JPG,2638,1983,2282,3765,1949,3784,1.707811538,3930,2.502588462,3923,1.360496154,3725,1.908103846,3674,2570,2310,938.6281588,1.579965385,1.954980769,5,26
0,SDM,1997,SDM 1997 PRE J Box.jpg,1402,1093,1461,2019,1153,2033,2.28758427,2048,3.230629213,2044,2.14752809,2018,3.112359551,2025,1401,1312,321.299639,1.736696629,2.738876404,PR, J
0,NSE,2015,NSE 2015 05 25 20 03 02 via D Houtz.JPG,3252,2421,3388,4122,2612,4222,1.392589041,4126,2.418374429,4125,1.277488584,4109,2.322246575,4086,3228,3009,790.6137184,0.928392694,2.036392694,5,25
0,SWC,2019,SWC 2019 05 03 23 29 38 via D Houtz.JPG,1888,1536,1952,2160,1977,2227,1.13545045,2247,0.686261261,2137,0.588936937,2115,1.721891892,2146,1565,1454,400.7220217,0.519063063,0.623873874,5,3
0,NSE,2021,NSE 2021 06 19a GEUS AWS Box.jpg,850,510,883,1527,573,1484,2.734487179,1531,3.682679487,1497,2.478794872,1497,3.696884615,1510,848,770,281.5884477,2.287025641,3.235217949,6,19
0,SW1,2013,SW1 2013 05 24 17 54 16 via D Houtz.JPG,532,235,561,561,561,561,0.903894737,573,5.015157895,565,0.539421053,579,5.058894737,571,239,220,68.59205776,0,0,5,24
0,SUM,2019,SUM 2019 04 28 22 28 15 via D Houtz sm.JPG,1616,1083,1236,2362,1018,2352,1.222981132,2397,1.907641509,2393,1.202075472,2366,1.885429245,2374,1668,1456,765.3429603,1.471235849,1.743009434,4,28
0,NSE,2016,NSE 2016 05 20 19 32 59 via D Houtz.JPG,2348,1599,2496,4060,1791,4053,2.580402913,4067,3.576796117,4049,2.56561165,4092,3.471912621,4024,2344,2138,743.6823105,2.103048544,3.041621359,5,20
0,CP1,2015,CP1 2015 05 25 14 42 40 via D Houtz.JPG,3248,2310,2849,3750,1053,3939,1.0089819,3793,2.098180995,3774,0.95759276,3804,2.228533937,3830,2323,2102,797.833935,1.129307692,3.617294118,5,25
0,NSE,2003,NSE 2003 XX XXpost J Box.JPG,503,387,422,776,332,793,2.706685714,798,3.695971429,798,0,775,3.062828571,755,488,453,126.3537906,2.801657143,3.648485714,XX,XX
0,CP1,1998,CP1 1998 05 30a pre J Box.jpg,2757,2104,2317,2767,2225,2826,0.424912621,2757,1.17657767,2744,0.391296117,2891,1.336592233,2882,2641,2435,743.6823105,0.605097087,0.808140777,5,30
0,SW1,1994,SW1 1994 04b J Box.jpg,1344,1344,1344,1344,1344,1344,,1344,,1344,,1344,,1344,1344,1344,0,,,4, J
0,SDL,2021,SDL 2021 06 14a GEUS via J Box.jpg,1248,682,1243,2672,756,2599,2.524961538,2694,3.078961538,2587,1.929868132,2469,3.02417033,2548,1193,1011,657.0397112,2.174906593,2.805005495,6,14
0,NEM,2014,NEM 2014 05 19 02 33 04 via D Houtz.JPG,3051,2002,3221,4122,2154,4184,1.129307692,4015,1.962012308,4016,1.075612308,4162,2.010593846,4109,3017,2692,1173.285199,0.767929231,1.730184615,5,19
0,GIT,2017,GIT 2017 07 30 16 52 30 via H Machguth.JPG,2795,1819,2928,4832,4548,4548,1.970629758,4729,2.741245675,4641,2.136446367,4700,3.088214533,4699,2059,1770,1043.3213,1.824941176,0,7,30
0,SDM,2007,SDM 2007 04 27 12 00 45 via D Houtz.JPG,1653,1377,2404,2404,1419,2399,2.844081395,2422,3.88122093,2439,2.412476744,2373,3.217709302,2354,1617,1531,310.4693141,0,3.156511628,4,27
0,SDM,2015,SDM 2015 05 26 17 41 28 via D Houtz.JPG,2252,1743,1843,3723,1211,3888,2.839685535,3723,3.804830189,3762,2.74909434,3728,3.614937107,3716,2242,2083,574.0072202,3.275220126,4.663704403,5,26
0,HUM,2007,HUM 2007 05 03 15 54 27 via D Houtz.JPG,1760,1170,1827,2333,1639,2292,1.104905028,2265,1.917335196,2232,1.046100559,2281,2.039586592,2288,1725,1546,646.2093863,0.783027933,1.01050838,5,3
0,NSE,2011,NSE 2011 05 29 11 28 04 via D Houtz.JPG,1891,1374,2028,3181,1487,3156,2.620993103,3164,3.648758621,3158,2.680213793,3165,3.646848276,3165,1926,1781,523.465704,2.202627586,3.188365517,5,29
0,SDL,2007,SDL 2007 04 24 10 42 08 via D Houtz.JPG,1340,941,1035,1977,981,2048,2.176048077,2073,3.454509615,2081,2.040211538,2028,2.903173077,1963,1349,1245,375.4512635,2.508980769,2.841913462,4,24
0,SDL,2014,SDL 2014 05 25 04 59 57 via D Houtz.JPG,2663,2077,2812,4519,1969,4567,3.654123288,4489,4.970821918,4513,3.796417808,4496,4.726075342,4460,2687,2541,527.0758123,3.238623288,4.929082192,5,25
0,SWC,1996,SWC 1996 J Box-2.jpg,1466,1158,1266,2062,1170,1953,1.419867133,2064,1.869265734,1978,1.419867133,2060,2.031979021,2075,1160,1017,516.2454874,1.541902098,1.51672028,J ,ox
0,NAU,2021,NAU 2021 08 17-2.jpg,2855,1995,2192,3077,1213,3384,0.88773494,3105,2.417909639,3277,0.959487952,3322,2.721608434,3312,2737,2571,599.2779783,1.476777108,3.622692771,8,17
0,GIT,2010,GIT 2010 05 07 23 28 03 via D Houtz.JPG,1894,1057,2079,2582,1222,2784,0.650739696,2694,0,2596,0.671169197,2594,0,2584,2042,1581,1664.259928,0.302236443,0.938555315,5,7
0,DY2,2021,DY2 2021 06 15 pre J Box.jpg,1424,1023,1175,1797,1040,1779,0.943248366,1783,1.65475817,1770,0.849104575,1780,1.538888889,1770,1411,1258,552.3465704,1.126104575,1.337928105,6,15
0,NAU,2021,NAU 2021 08 17-3.jpg,2024,2024,2024,2024,2024,2024,,2024,,2024,,2024,,2024,2024,2024,0,,,8,17
0,JAR,2002,JAR 2002 b J Box.JPG,1094,803,912,1436,831,1512,1.150615385,1482,1.884547009,1470,1.081957265,1451,1.67857265,1439,1106,989,422.3826715,1.240581197,1.612282051,b , B
0,DY2,2005,DY2 2005 05 26 07 56 44 via D Houtz.JPG,2213,1745,1876,2751,1714,2664,1.116793651,2819,1.768989418,2766,0.976095238,2711,1.638550265,2736,2231,2042,682.3104693,1.282407407,1.392328042,5,26
0,NSE,2008,NSE 2008 05 03 15 21 21 via D Houtz.JPG,2179,1666,1804,2855,1317,2849,1.538273333,2860,2.494846667,2849,1.40716,2825,2.228926667,2781,2168,2018,541.5162455,1.940846667,2.829093333,5,3
0,HUM,1999,HUM 1999 J Box.jpg,1466,1074,1456,1929,1350,1946,1.452504202,1975,2.306781513,1960,1.415260504,1931,2.253243697,1928,1469,1350,429.6028881,1.101016807,1.387327731,J ,ox
0,GIT,2021,GIT 2021 08 12.jpg,962,566,647,1011,617,951,0,995,0.69115534,867,0,987,0,987,553,347,743.6823105,0.489456311,0.449116505,8,12
0,SDL,2019,SDL 2019 05 17 21 19 29 via D Houtz.JPG,2697,1887,2961,3948,1864,3923,2.767361905,3921,1.758290476,3915,1.924490476,3919,3.1024,3919,2015,1805,758.1227437,1.3019,2.715919048,5,17
0,SWC,2003,SWC 2003 04 XX J Box.JPG,684,617,630,823,617,824,2.11047619,830,2.94147619,822,2.084095238,825,2.954666667,824,688,667,75.81227437,2.545761905,2.730428571,4,XX
0,NAE,2019,NAE 2019 05 21 13 55 30 via D Houtz.JPG,2806,1887,2967,3638,1844,3414,1.264565217,3629,2.480956522,3635,1.138108696,3577,2.130491304,3542,2804,2574,830.3249097,0.808117391,1.890826087,5,21
0,PET,2013,PET 2013 05 26 14 41 53 via D Houtz.JPG,2001,1568,2103,2821,2171,3025,1.959367647,2829,2.843323529,2830,2.234330882,3020,3.246602941,3021,1988,1852,490.9747292,1.462397059,1.739397059,5,26
0,JAR,1998,JAR 1998 J Box.jpg,1870,1383,1581,2692,1502,2679,1.588018634,2609,2.226322981,2634,1.768670807,2725,2.425900621,2705,1845,1684,581.2274368,1.91147205,2.025024845,J ,ox
0,SUM,2017,SUM 2017 05 24 13 18 11 via D Houtz.JPG,2515,1683,1593,4461,1699,4222,3.715757143,4229,5.112628571,4207,4.5982,4457,6.339342857,4477,1744,1604,505.4151625,5.674542857,4.991935714,5,24
0,SDL,2014,SDL 2014 05 25 02 17 56 via D Houtz.JPG,3861,2582,3975,3975,2717,4028,0,3956,0.972878049,4278,0.148114447,3798,0.625198874,3379,2920,2387,1924.187726,0,0.681326454,5,25
0,SWC,2011,SWC 2011 05 15 15 02 18 via D Houtz.JPG,2029,1601,1653,2876,1613,2804,1.863273381,2914,2.909496403,2910,1.761640288,2799,2.584669065,2790,1579,1440,501.8050542,2.437201439,2.373431655,5,15
0,DY2,1998,DY2 1998 04 27a pre1 J Box.jpg,1851,1344,1515,1936,1330,2039,0.403958333,1910,1.071932292,1896,0.572755208,2082,1.292666667,2079,1814,1622,693.1407942,0.607380208,1.022880208,4,27
0,PET,2010,PET 2010 05 07 21 41 29 via D Houtz.JPG,2006,1430,2212,3782,2135,3935,3.413354839,3823,4.301541935,3784,3.910167742,3967,4.971703226,3982,2063,1908,559.566787,2.805741935,3.216774194,5,7
0,CP2,1998,CP2 1998 _PRE J Box.jpg,2056,1518,2126,2336,2227,2405,0,1909,1.939,2302,0.926968504,2420,2.14184252,2402,1533,1406,458.4837545,0.458031496,0.38823622,_P,E 
0,SWC,2006,SWC 2006 05 09 12 52 29 via D Houtz.JPG,1322,901,964,2125,921,1977,1.732766423,2052,2.65879562,2067,0,1986,2.300919708,1947,1326,1189,494.5848375,2.347423358,2.135124088,5,9
0,PET,2011,PET 2011 06 01 11 44 02 via D Houtz.JPG,1582,1104,1747,3189,1656,3299,3.256163265,3208,4.045707483,3177,3.567081633,3269,4.503605442,3266,1178,1031,530.6859206,2.717238095,3.095993197,6,1
0,NUU,2021,NUU 2021 09 10-9.jpg,1897,1897,1865,1880,1112,1908,2.315622807,1902,-0.046166667,1883,2.259736842,1907,0,1885,1062,948,411.5523466,0.036447368,1.934140351,9,10
0,SW1,2016,SW1 2016 05 09 21 05 41 via D Houtz.JPG,1653,186,1717,1991,1703,2016,1.768538462,2000,7.845492308,1984,1.742969231,1996,7.956292308,1974,1648,1583,234.6570397,1.167661538,1.333861538,5,9
0,CP1,1998,CP1 1998 05 30b pre J Box.jpg,2289,2061,2297,2285,1880,2304,0.458369048,2294,0.507833333,2296,0.51772619,2297,0.995880952,2302,2061,1977,303.2490975,-0.039571429,1.398190476,5,30
0,NAU,1995,NAU 1995 J Box.jpg,2115,1472,1632,3094,1480,3026,1.68139,3131,2.544245,3143,1.47087,3002,2.264475,3007,2108,1908,722.0216606,2.02487,2.14121,J ,ox
0,DY2,2006,DY2 2006 05 07a post.jpg,812,544,641,1668,445,723,-3.265961905,457,-0.021104762,1678,2.466619048,1666,3.126142857,1656,822,717,379.0613718,2.70932381,0.733390476,5,7
0,JAR,2002,JAR 2002 maintenance J Box.JPG,829,723,760,944,745,971,1.878782609,963,3.11926087,963,1.890826087,951,2.818173913,943,826,803,83.03249097,2.216,2.721826087,ma,nt
0,SUM,2010,SUM 2010 08 16 15 14 40 via D Houtz.JPG,1297,1092,1115,1943,1087,1899,3.034597015,1976,3.787044776,1963,3.030462687,1943,3.799447761,1936,1306,1239,241.8772563,3.423223881,3.357074627,8,16
0,DY2,2010,DY2 2010 04 30 20 20 00 via D Houtz.JPG,3072,2296,3717,3717,2221,3714,0.833503012,3815,1.591915663,3808,0.694168675,3635,1.292388554,3626,3131,2799,1198.555957,0,1.245665663,4,30
0,SW1,2007,SW1 2007 via D Houtz.jpg,5119,1536,5240,6842,5316,6623,2.593293103,6627,8.026632184,6642,3.252362069,6868,9.16487931,6915,5180,5006,628.1588448,2.550310345,2.080683908,vi, D
0,CP1,1995,CP1 1995 05 23.jpg,1553,1004,1126,2317,710,2310,1.329040404,2323,2.134858586,2322,1.282873737,2299,1.968378788,2299,1566,1368,714.801444,1.66619697,2.238383838,5,23
0,TUN,2022,TUN 2022 05 27b Ahlstr›m.jpg,593,376,601,1151,458,1078,2.166282051,1116,2.390012821,1062,2.05974359,1129,2.841025641,1102,580,502,281.5884477,1.953205128,2.201794872,5,27
0,NUU,2021,NUU 2021 09 10-11.jpg,2097,534,2022,2022,623,2187,0,2039,1.960386029,2196,0,2026,1.596823529,2085,537,265,981.9494585,0,1.59275,9,10
0,JAR,1996,JAR 1996 B J Box.jpg,1482,1097,1978,1978,1218,2015,1.08895625,1950,1.71913125,1952,1.21014375,2027,1.862825,2031,1472,1312,577.6173285,0,1.37980625,B , B
0,SDM,2016,SDM 2016 05 19 16 28 09 via D Houtz.JPG,2625,1600,1790,4037,558,4101,1.479784661,4193,2.356542773,4159,1.349047198,4051,2.080359882,3969,2692,2353,1223.826715,1.836044248,2.895017699,5,19
0,HUM,2012,HUM 2012 05 24 06 12 05 via D Houtz.JPG,1826,1274,1813,2995,1660,2905,2.032426036,2891,2.863426036,2855,1.970142012,2845,2.914236686,2852,1814,1645,610.1083032,1.937360947,2.040621302,5,24
0,SDM,1997,SDM 1997 J Box d.jpg,2052,1549,2180,3147,1642,3109,2.086733333,3131,2.91269697,3115,2.0498,3151,2.830436364,3125,1528,1363,595.66787,1.623387879,2.462781818,J ,ox
0,NUU,2021,NUU 2021 09 10-10.jpg,2091,1202,2080,2080,1282,2076,0,2084,2.117709677,2084,0,2085,2.113241935,2087,1242,1118,447.6534296,0,1.773693548,9,10
0,SDL,2021,SDL 2021 06 14b GEUS via J Box.jpg,458,215,481,983,198,1009,2.669706897,964,4.231413793,997,2.898948276,994,3.968741379,990,457,399,209.3862816,2.397482759,3.873224138,6,14
0,JAR,2006,JAR 2006 05 10 11 48 33 via D Houtz.JPG,2093,1546,1699,3109,1550,3021,1.478388571,2870,2.236577143,2866,1.844028571,3065,2.887131429,3139,2104,1929,631.7689531,2.231828571,2.328382857,5,10
0,NAE,2022,NAE 2022 05 27 via A Ahlstr›m.jpg,345,239,379,474,263,472,1.123388889,452,1.931305556,450,1.200333333,466,2.000555556,463,340,304,129.9638989,0.730972222,1.608138889,5,27
0,DY2,2017,DY2 2017 05 12 19 05 23 via A Heilig.JPG,1915,1332,1632,2339,1450,2291,1.344855072,2404,2.499021739,2396,1.039753623,2291,1.846666667,2266,1284,1146,498.1949458,1.419123188,1.688094203,5,12
0,GIT,2012,GIT 2012 05 24 08 20 06 via D Houtz.JPG,2621,1968,2069,3266,1612,3088,1.862442211,3170,0,3191,2.07958794,3222,0,3199,2033,1834,718.4115523,1.666175879,2.054532663,5,24
0,DY2,2003,DY2 2003 05 09b post J Box.JPG,320,255,277,525,515,515,2.757409091,515,3.525454545,512,2.795181818,521,3.563227273,519,318,296,79.42238267,3.122545455,0,5,9
0,NAU,2003,NAU 2003 06 02 07 18 12 via D Houtz.JPG,949,605,723,1550,457,1457,1.798026786,1554,2.572142857,1547,1.483928571,1482,2.292669643,1478,947,835,404.33213,2.045348214,2.473214286,6,2
0,SUM,2016,SUM 2016 05 21 21 23 34 via D Houtz.JPG,6106,4370,7000,7000,4990,7492,0.696012681,6750,1.427152174,6716,0.769778986,7158,1.694617754,7182,5894,5342,1992.779783,0,1.255532609,5,21
0,NUU,2021,NUU 2021 09 10-8.jpg,1698,491,1679,1679,595,1548,0,1679,2.217937063,1546,2.370965035,1707,2.351594406,1695,537,394,516.2454874,0,1.846020979,9,10
0,SDM,2015,SDM 2015 05 26 14 55 39 via D Houtz.JPG,3482,2605,2758,3932,1986,3911,0.81128839,3898,1.740846442,3905,0.621434457,3919,1.480445693,3931,3370,3103,963.898917,1.217970037,1.997097378,5,26
0,NAU,2011,NAU 2011 05 31 10 48 55 via D Houtz.JPG,2245,1645,1808,2993,1139,3082,1.769160584,3003,2.905467153,3012,1.888452555,3051,3.218861314,3055,2256,2119,494.5848375,2.395948905,3.928547445,5,31
0,SWC,2014,SWC 2014 05 04 08 35 11 via D Houtz.JPG,3717,2817,3776,7141,4007,6635,3.74866899,7102,4.868250871,7144,2.915738676,6653,3.757355401,6668,2371,2084,1036.101083,3.247752613,2.536432056,5,4
0,NAE,2003,NAE 2003 05 30 08 37 39 via D Houtz.JPG,1635,1144,1718,2381,1106,2372,1.976772727,2309,3.162836364,2305,2.085054545,2355,3.334072727,2337,1631,1521,397.1119134,1.669554545,3.188018182,5,30
0,PET,2015,PET 2015 05 20 23 10 40 via D Houtz.JPG,2466,1805,2626,3941,2650,4006,2.358051282,3940,3.221723077,3911,2.444702564,3997,3.463210256,3991,2456,2261,703.9711191,1.867974359,1.926215385,5,20
0,NSE,2009,NSE 2009 04 26 06 32 48 via D Houtz.JPG,3494,2670,2882,3785,2624,3715,0.591087866,3821,1.585506276,3787,0.528502092,3759,1.365297071,3718,3527,3288,862.8158845,1.046573222,1.264464435,4,26
0,SDL,2005,SDL 2005 05 26 09 53 47 via D Houtz.JPG,2397,1739,1891,2953,1822,2925,1.185754386,3028,2.481660819,3042,1.151736842,2922,2.105847953,2889,2453,2282,617.3285199,1.720315789,1.786730994,5,26
0,PET,2003,PET 2003 05 PET ELA K Steffen.jpg,908,606,1013,1213,967,1144,1.1807125,1146,2.09135,1142,1.2707375,1199,2.4202875,1206,883,803,288.8086643,0.6925,0.6128625,5,PE
0,SDL,2003,SDL 2003 XX XXa J Box.JPG,662,500,717,728,497,669,0.561694444,676,1.73125,683,0.592472222,718,1.939,716,642,606,129.9638989,0.084638889,1.323444444,XX,XX
0,CP1,2013,CP1 2013 05 20 09 56 18 via D Houtz.JPG,1908,1563,1795,2723,1109,2808,3.001836957,2795,4.139945652,2789,2.691717391,2732,3.676271739,2733,1877,1785,332.1299639,2.794086957,5.115467391,5,20
0,EGP,2018,EGP 2018 via D Houtz.jpg,2880,1330,3177,4943,3007,4908,1.868294294,4830,2.982948949,4705,1.968945946,5012,3.406351351,4978,2894,2561,1202.166065,1.469015015,1.581312312,vi, D
0,NAU,2009,NAU 2009 04 24 09 02 10 via D Houtz.JPG,3223,2244,2526,3666,1652,3897,1.066592784,3686,2.261690722,3665,1.210804124,3894,2.62578866,3841,3122,2928,700.3610108,1.627731959,3.205489691,4,24
0,HUM,2019,HUM 2019 05 20 14 04 20 via D Houtz.JPG,2294,1590,2264,3665,2052,3673,2.097489691,3561,2.949907216,3530,2.318804124,3684,3.483917526,3707,2289,2095,700.3610108,2.000396907,2.314520619,5,20
0,NGP,1998,NGP 1998 _GEUS J Box.jpg,2597,503,2556,2960,2966,2966,1.310950495,2977,6.837237624,2940,0,2962,6.79609901,2964,2596,2495,364.6209386,1.108,0,_G,US
0,SDL,2005,SDL 2005 05 27 04 24 51 via D Houtz.JPG,1565,1225,1364,2597,1273,2663,3.878,2595,4.8475,2548,4.194064103,2641,5.348230769,2642,1584,1506,281.5884477,4.378730769,4.936282051,5,27
0,NUU,2021,NUU 2021 09 10-12.jpg,2158,458,2147,2147,674,2206,0,2148,2.431145631,2182,0,2139,2.139354369,2067,584,378,743.6823105,0,2.060019417,9,10
0,JAR,2017,JAR 2017 05 07 19 22 47 via D Houtz.JPG,2459,1734,3942,3942,1838,3899,0,3939,2.809210046,3844,2.170465753,3926,3.164630137,3979,1853,1634,790.6137184,0,2.606835616,5,7
0,SDM,1999,SDM 1999 _PRE J Box.jpg,1776,1350,1885,2455,1339,2441,1.990296296,2443,2.98287963,2420,2.018509259,2446,3.162416667,2448,1780,1672,389.8916968,1.461944444,2.826425926,_P,E 
0,NSE,2009,NSE 2009 04 26 11 15 00 via D Houtz.JPG,2580,1931,3285,3285,2083,3274,1.303962766,3325,2.373654255,3309,1.146308511,3229,2.12612234,3224,2617,2429,678.700361,0,1.754824468,4,26
0,NEM,2006,NEM 2006 04 27 13 19 52 via D Houtz.JPG,2307,1469,2509,3206,1721,3083,0.970732938,3198,1.69405638,3204,0.855658754,3131,1.404727003,3109,2343,2006,1216.606498,0.572905045,1.119507418,4,27
0,JAR,2005,JAR 2005 05 07 before maintenance via J Box.JPG,1180,930,1115,1525,1025,1450,1.710313953,1466,2.509104651,1479,0.96305814,1485,1.707093023,1469,1024,938,310.4693141,1.320581395,1.368895349,5,7
0,GIT,2017,GIT 2017 07 22 17 04 29 via D Houtz.JPG,2307,1453,2452,3749,3727,3727,1.930509579,3914,2.970586207,3918,1.781927203,3718,2.592762452,3683,2333,2072,942.2382671,1.376509579,0,7,22
0,NAE,2013,NAE 2013 05 29 12 31 05 via D Houtz.JPG,2578,1797,2752,3312,1702,3310,1.349362573,3224,2.779719298,3315,1.414157895,3305,2.705204678,3302,2552,2381,617.3285199,0.907134503,2.60477193,5,29
0,SUM,2011,SUM 2011 06 06 05 22 37 via D Houtz.JPG,2029,1629,1805,2900,1424,2931,2.253432432,3050,2.947804054,3016,2.036324324,3001,2.732567568,3000,1999,1851,534.2960289,2.049425676,2.820533784,6,6
0,NAU,2015,NAU 2015 01 01 05 18 18 via D Houtz.JPG,4644,3143,3509,7208,2135,7113,2.438972136,7236,3.66274613,7196,2.407241486,7152,3.653312693,7098,4734,4411,1166.064982,3.17220743,4.269058824,1,1
0,SDL,2013,SDL 2013 07 08 J Box.jpg,675,580,743,743,584,754,1.096458333,755,2.366041667,760,1.108,746,2.239083333,746,684,660,86.64259928,0,1.962083333,7,8
0,NSE,2007,NSE 2007 04 24 13 19 04 via D Houtz.JPG,1722,1338,1437,1752,1026,1756,0.331791209,1728,1.585901099,1766,0.39267033,1768,1.503714286,1749,1701,1610,328.5198556,0.958846154,2.222087912,4,24
0,JAR,2002,JAR 2002 J Box.JPG,730,549,610,938,579,997,1.154816901,960,1.896084507,953,1.15871831,963,1.751732394,956,537,466,256.3176895,1.279661972,1.630788732,J ,ox
0,SDL,1999,SDL 1999 _PRE J Box.jpg,1559,1349,1622,1789,1409,1811,1.10477907,1828,1.732860465,1820,0.979162791,1779,1.610465116,1762,1570,1484,310.4693141,0.537895349,1.294813953,_P,E 
0,CP1,2014,CP1 2014 04 30 CP1 Koni.JPG,2704,1876,2412,4028,1274,3888,2.340722513,4073,3.541539267,4089,2.220350785,4041,3.370408377,4042,2656,2465,689.5306859,2.343623037,3.790984293,4,30
0,JAR,2020,JAR 2020 08 07b J Box.jpg,1316,283,1335,1335,303,1415,0,1277,2.18897561,1401,1.91197561,1394,1.895085366,1366,258,94,592.0577617,0,1.878195122,8,7
0,NGP,2001,NGP 2001 06 09b.JPG,1420,1803,1803,1803,1803,1803,0.797004545,1829,0,1798,0.727754545,1792,0,1779,1410,1190,794.2238267,0,0,6,9
0,SDL,2005,SDL 2005 05 J Box.JPG,1612,1281,1403,2728,1251,2755,3.615427083,2761,4.812875,2785,3.33265625,2704,4.039583333,2650,1597,1501,346.5703971,3.823177083,4.339666667,5,J 
0,JR3,2002,JR3 2002 a J Box.JPG,495,495,495,495,495,495,,495,,495,,495,,495,495,495,0,,,a , B
0,SDM,2011,SDM 2011 05 30 12 17 34 via D Houtz.JPG,2047,1678,1725,3037,1301,3026,2.648980583,2940,3.60368932,2951,2.810339806,3008,3.878,3011,1715,1612,371.8411552,3.52838835,4.63907767,5,30
0,CP1,2016,CP1 2016 05 05 16 15 55 post via D Houtz.JPG,4396,3241,3903,4956,2501,4673,0.899380753,4927,2.173117155,4935,0.950376569,4908,2.34348954,4909,4376,4137,862.8158845,1.220422594,2.517338912,5,5
0,NEM,2009,NEM 2009 08 11 21 07 19 via D Houtz.JPG,339,221,370,457,238,439,1.022769231,451,1.867974359,449,0.902025641,441,1.683307692,430,224,185,140.7942238,0.617923077,1.427615385,8,11
0,SDL,2011,SDL 2011 05 29 13 11 44 via D Houtz.JPG,2011,1522,2154,2881,1467,2893,1.630641509,2879,2.639339623,2864,1.752591195,2904,2.524358491,2885,1501,1342,574.0072202,1.266534591,2.484289308,5,29
0,SW1,2005,SW1 2005 05 16 via J Box.JPG,1644,582,1979,1979,1979,1979,1.905568966,1983,7.096931034,1995,1.747965517,1973,6.805603448,1974,566,508,209.3862816,0,0,5,16
0,SUM,2014,SUM 2014 05 16 08 35 55 via D Houtz.JPG,2983,2033,2356,4231,2005,4328,1.237959786,4333,1.91672118,4313,1.211967828,4297,1.873648794,4302,3020,2647,1346.570397,1.392426273,1.725123324,5,16
0,SUM,2006,SUM 2006 05 02 15 50 13 via D Houtz.JPG,1362,1033,1125,1958,814,1963,1.584533898,1929,2.382669492,1938,1.591576271,1958,2.387364407,1941,1367,1249,425.9927798,1.955432203,2.697228814,5,2
0,DY2,2005,DY2 2005 05 26c.jpg,1667,1210,1341,2225,1180,2213,1.168879121,2286,1.963351648,2288,1.074516484,2210,1.783758242,2215,1694,1512,657.0397112,1.345428571,1.572203297,5,26
0,NUU,2021,NUU 2021 09 10-7.jpg,1965,688,1928,1929,804,1901,0,1925,2.712469231,1847,0,1873,2.682638462,1938,708,578,469.3140794,0.002130769,2.337453846,9,10
0,HUM,2003,HUM 2003 05 27 06 33 02 via D Houtz.JPG,1436,940,1436,1436,1436,1436,0.749896396,1245,0,1438,0,1419,0.927076577,1490,874,652,801.4440433,0,0,5,27
0,GIT,2014,GIT 2014 05 20 23 28 51 via D Houtz.JPG,3046,2251,3293,3608,2462,3445,0.656452055,3387,0,3555,0.76080137,3590,0,3545,2978,2686,1054.151625,0.298818493,0.932503425,5,20
0,SDM,2013,SDM 2013 05 21 13 10 10 via D Houtz.JPG,1924,1540,1633,3164,1121,3201,3.382831858,3156,4.397681416,3176,3.235752212,3198,4.16480531,3180,1883,1770,407.9422383,3.752982301,5.098761062,5,21
0,TUN,1998,TUN 1998 J Box.jpg,2810,2054,2632,3359,2238,3341,1.137077348,3395,2.28639779,3371,1.135546961,3389,2.205287293,3363,2829,2648,653.4296029,1.11259116,1.688016575,J ,ox
0,SUM,2005,SUM 2005 05 25 21 11 49 via D Houtz.JPG,1969,1398,1561,1950,1112,1839,0.181335052,1902,0.277,1941,0.28842268,1942,1.022329897,1954,1379,1185,700.3610108,0.555427835,1.038036082,5,25
0,SWC,2018,SWC 2018 05 02 12 31 37 via D Houtz.JPG,2825,2064,3155,3701,2964,3466,1.142197531,3677,2.059831276,3661,0.947271605,3440,1.832987654,3479,2907,2664,877.2563177,0.622395062,0.572238683,5,2
0,NAU,2005,NAU 2005 05 25 after J Box.JPG,1098,845,930,1648,731,1635,3.077777778,1642,4.42687037,1647,3.031611111,1636,4.303759259,1636,1093,1039,194.9458484,3.683074074,4.637185185,5,25
0,HUM,1999,HUM 1999 _PRE J Box-2.jpg,2720,1891,2088,2847,1873,2867,0.395475904,2773,1.732084337,2794,0.482246988,2824,1.805506024,2803,2699,2533,599.2779783,1.266524096,1.658662651,_P,E 
0,JAR,2005,JAR 2005 05 07 09 56 09 via D Houtz.JPG,1442,956,1372,2163,1093,1854,1.524973404,1933,2.392808511,2062,0.863414894,2017,1.516132979,1995,1088,900,678.700361,1.165462766,1.121260638,5,7
0,SW1,1999,SW1 1999 05 25 Nicolas Cullen-9.jpg,1198,227,1382,1382,1382,1382,1.348869565,1370,1.421130435,1388,6.864782609,1371,7.479,1394,1191,1145,166.0649819,0,0,5,25
0,NUU,2021,NUU 2021 09 10-5.jpg,1986,556,1979,1979,581,1976,0,1949,2.265366337,1953,0,1905,2.070643564,1973,510,308,729.2418773,0,1.912945545,9,10
0,DY2,2005,DY2 2005 05 26a.jpg,2230,1580,1880,3026,1608,3038,1.140003984,2966,1.911410359,2935,1.063856574,2991,1.677450199,2954,2166,1915,906.1371841,1.264709163,1.57812749,5,26
0,DY2,1998,DY2 1998 04 29a post J Box.jpg,1553,1240,1357,1906,873,1908,1.08381746,1916,1.769722222,1907,1.000277778,1907,1.626825397,1878,1548,1422,454.8736462,1.206928571,2.275357143,4,29
0,EGP,2014,EGP 2014 05 17 07 25 10 via D Houtz.JPG,2866,1338,3240,4434,2948,4273,1.456780731,4087,2.679813953,4083,1.60954485,4376,3.14086711,4369,2770,2469,1086.642599,1.098797342,1.219352159,5,17
0,CP2,1998,CP2 1998 _POST J Box.jpg,1970,1520,2063,2619,2052,2611,1.960307692,2613,3.137557692,2603,1.907038462,2597,2.940461538,2575,1976,1872,375.4512635,1.480884615,1.488875,_P,ST
0,NGP,2005,NGP 2005 05 25a pre K Steffen.jpg,2391,1770,1511,2529,1215,2533,0.469952991,2630,1.259521368,2622,0,2610,1.152982906,2557,2453,2219,844.765343,1.205068376,1.560196581,5,25
0,NSE,2017,NSE 2017 05 06 BAV.jpg,2490,1862,2546,2929,2055,3017,1.233357664,2890,2.416167883,2867,0,2947,2.448518248,2973,2416,2279,494.5848375,0.774386861,1.945065693,5,6
0,SW1,2002,SW1 2002 KS J Box.JPG,601,601,601,601,601,601,,601,,601,,601,,601,601,601,0,,,KS,J 
0,TUN,2018,TUN 2018 before via D Houtz.JPG,6937,5676,6857,7549,6207,7378,0.431827236,7464,1.230735772,7473,0.483623984,7323,1.090546748,7240,7153,6661,1776.173285,0.389601626,0.65928252,be,or
0,NEM,2010,NEM 2010 05 03 12 40 36 via D Houtz.JPG,2720,1845,2988,3356,2014,3162,0.764723926,3395,1.525199387,3307,0,3317,1.131791411,3052,2819,2493,1176.895307,0.312687117,0.975447853,5,3
0,GIT,2017,GIT 2017 07 30 16 57 53 via H Machguth.JPG,1730,1730,1730,1730,1730,1730,,1730,,1730,,1730,,1730,1730,1730,0,,,7,30
0,SDL,2021,SDL 2021 06 14a via J Box.jpg,419,283,455,463,286,459,0.459236842,459,1.355842105,451,0.524842105,453,1.654710526,459,302,264,137.1841155,0.058315789,1.261078947,6,14
0,NAU,2009,NAU 2009 04 24 12 17 07 via D Houtz.JPG,2506,1873,2061,4046,1672,3969,2.981047619,4109,4.176434524,4148,2.639744048,4002,3.66860119,4003,2472,2304,606.4981949,3.272886905,3.787315476,4,24
0,TUN,1996,TUN 1996 D J Box-2.jpg,2632,1909,2440,3447,2177,3444,1.481483146,3435,2.661067416,3430,1.417679775,3417,2.468101124,3420,2647,2469,642.599278,1.567073034,1.971679775,D , B
0,PET,2008,PET 2008 04 28 14 51 00 via D Houtz.JPG,1449,936,1566,2667,2628,2628,3.081625,2578,3.427875,2647,3.363571429,2627,4.800508929,2646,1438,1326,404.33213,2.723008929,0,4,28
0,NEM,2015,NEM 2015 01 02 23 57 09 via D Houtz.JPG,5854,4359,6093,7757,4620,7741,1.288897959,7609,2.062802041,7593,1.179793878,7656,2.08484898,7677,5799,5309,1768.953069,0.940669388,1.764320408,1,2
0,NGP,2001,NGP 2001 06 09a.JPG,1607,917,817,1735,590,1808,0.793349515,1797,2.616708738,1788,0.672330097,1769,2.436524272,1749,1603,1500,371.8411552,2.468796117,3.275592233,6,9
0,DY2,1996,DY2 1996 .jpg,2101,1840,1910,2440,2421,2421,0,2421,2.071344444,2425,1.209566667,2425,2.062111111,2436,1842,1752,324.9097473,1.631222222,0,.j,g
0,NSE,2003,NSE 2003 XX XXpre J Box.JPG,652,526,551,656,401,648,0.048173913,692,1.162195652,683,0.078282609,660,1.017673913,659,534,488,166.0649819,0.632282609,1.487369565,XX,XX
0,HUM,2021,HUM 2021 08 13 via A Pedersen.jpg,1541,954,1551,2496,1319,2541,1.688860606,2405,2.387236364,2302,1.933963636,2494,3.021818182,2449,1545,1380,595.66787,1.586454545,2.051478788,8,13
0,PET,2006,PET 2006 04 29 08 57 44 via D Houtz.JPG,1836,1278,2004,3009,1979,2952,2.124813665,2925,2.966136646,2907,2.24352795,2960,3.356689441,3001,1842,1681,581.2274368,1.729099379,1.674043478,4,29
0,NAE,2016,NAE 2016 05 23 21 38 08 via D Houtz.JPG,2516,1730,2706,3853,1703,3880,2.035234742,3858,3.154938967,3865,1.905187793,3867,2.831122066,3861,2494,2281,768.9530686,1.491638498,2.831122066,5,23
0,NUU,2021,NUU 2021 09 10-4.jpg,2354,660,2348,2348,799,2289,0,2343,2.678681319,2300,0,2310,2.780653846,2407,712,530,657.0397112,0,2.267747253,9,10
0,CP1,2021,CP1 2021 06 17 J Box.jpg,1131,942,1135,1135,569,1207,0,1136,0.822932039,1111,0,1129,0.938572816,1194,903,800,371.8411552,0,1.715786408,6,17
0,SW1,1994,SW1 1994 04a J Box.jpg,1036,280,1167,1167,1167,1167,1.888636364,1165,11.18072727,1158,1.762727273,1163,11.45772727,1166,1036,1014,79.42238267,0,0,4, J
0,CP1,2005,CP1 2005 05 04 pre J Box.JPG,1504,1072,1297,1660,1654,1654,0.588625,1730,1.805116667,1742,0.611708333,1639,1.428858333,1589,1591,1471,433.2129964,0.837925,0,5,4
0,JAR,2020,JAR 2020 08 07 15 38 10 via J Box.JPG,1082,293,1083,1083,301,1105,0,1069,2.314053097,1096,0,1079,2.086079646,1076,260,147,407.9422383,0,1.970867257,8,7
0,DY2,2017,DY2 2017 05 14 BAV.jpg,1838,1294,1507,2295,1299,2277,0.875009346,2285,1.639995327,2285,0.838766355,2311,1.50278972,2306,1821,1607,772.5631769,1.019981308,1.265915888,5,14
0,DY2,2017,DY2 2017 05 22 19 01 15 via D Houtz.JPG,2155,1639,1835,2510,1633,2538,0.850293532,2574,1.696452736,2569,0.762094527,2540,1.386378109,2504,2149,1948,725.631769,0.930223881,1.247189055,5,22
0,JAR,1996,JAR 1996 _.jpg,4177,3145,3507,5232,5194,5194,1.009465174,5233,1.626858209,5259,1.051497512,5283,1.743997512,5243,4158,3756,1451.263538,1.188619403,0,_.,pg
0,SUM,2008,SUM 2008 05 02 15 55 47 via D Houtz.JPG,2268,1719,1877,2868,1391,2852,1.179928177,2830,1.981850829,2857,1.155441989,2860,2.066022099,2849,2245,2064,653.4296029,1.51661326,2.235895028,5,2
0,SDL,2021,SDL 2021 06 14b via J Box.jpg,896,635,985,985,629,960,0,980,1.487452055,981,0.550205479,974,1.741684932,990,662,589,263.5379061,0,1.255986301,6,14
0,NGP,2001,NGP 2001 06 09d.JPG,678,83,1804,1804,1804,1804,1.76213615,1839,0,1814,1.710117371,1809,0,1802,666,453,768.9530686,0,0,6,9
0,NSE,2013,NSE 2013 05 22 07 20 51 via D Houtz.JPG,1757,1386,1823,3115,1491,3075,3.830154545,3151,4.782027273,3133,3.419690909,3058,0,3142,1733,1623,397.1119134,3.253490909,3.9888,5,22
0,SDM,2018,SDM 2018 05 20 16 00 20 via D Houtz.JPG,6077,4624,4796,7748,3739,7480,1.286540284,7542,2.296080569,7601,1.323298578,7741,2.275732227,7721,5983,5561,1523.465704,1.937687204,2.455585308,5,20
0,SW1,2015,SW1 2015 05 08 12 29 58 via D Houtz.JPG,5437,912,5618,6911,5665,6959,1.872565041,6897,6.973418699,6944,2.057231707,6970,7.011703252,6941,5483,5237,888.0866426,1.455939024,1.457065041,5,8
0,DY2,2006,DY2 2006 05 07b pre.jpg,1640,1177,1354,1973,1138,2061,0.821610169,1990,1.482028249,1936,0.723016949,1968,1.378740113,1932,1633,1456,638.9891697,0.968717514,1.444468927,5,7
0,TUN,2022,TUN 2022 05 27a Ahlstr›m.jpg,829,683,776,1142,762,1085,1.712783333,1154,2.516083333,1157,1.5512,1131,2.142133333,1120,840,780,216.6064982,1.6897,1.491183333,5,27
0,HUM,2003,HUM 2003 05 27 15 29 28 via D Houtz.JPG,788,468,784,1549,694,1538,2.317475248,1529,3.170415842,1528,2.429920792,1561,3.282861386,1553,788,687,364.6209386,2.098069307,2.314732673,5,27
0,NAU,2014,NAU 2014 05 23 01 25 01 via D Houtz.JPG,2459,1856,3502,3502,1481,3592,2.541475,3479,3.813366667,3473,2.947741667,3556,4.427383333,3562,2488,2368,433.2129964,0,4.872891667,5,23
0,SUM,1999,SUM 1999 .jpg,2165,1645,1818,2278,1690,2316,0.48161809,2278,1.183165829,2288,0.371653266,2305,1.18038191,2303,2120,1921,718.4115523,0.640301508,0.871366834,.j,g
0,JAR,1996,JAR 1996 A J Box.jpg,2431,1842,3015,3015,2077,3075,1.110826531,3006,1.684612245,2981,1.175836735,3061,1.899428571,3057,2412,2216,707.5812274,0,1.410438776,A , B
0,SDM,1999,SDM 1999 J Box b.jpg,2493,1867,2663,3506,1869,3501,1.658956044,3436,2.471692308,3373,1.706137363,3460,2.713686813,3446,2525,2343,657.0397112,1.283027473,2.483868132,J ,ox
0,GIT,2021,GIT 2021 08 13 via A Pedersen.jpg,937,937,937,937,700,863,,933,inf,887,inf,935,#NAME?,833,833,833,0,,inf,8,13
0,SUM,2005,SUM 2005 05 26 02 23 45 via D Houtz.JPG,1705,1353,1398,2501,1177,2432,1.920378151,2440,2.64197479,2437,2.080991597,2475,2.911991597,2473,1738,1619,429.6028881,2.567487395,2.921302521,5,26
0,PET,2007,PET 2007 05 04 14 09 39 via D Houtz.JPG,1510,992,1661,2617,1670,2673,2.153451613,2585,3.047,2575,2.430451613,2699,3.402632258,2689,1516,1361,559.566787,1.708464516,1.792458065,5,4
0,JR2,2002,JR2 2002 JBox.JPG,490,277,516,516,319,536,0,512,1.533392857,537,0.400660714,541,1.192089286,470,281,225,202.166065,0,1.073375,JB,x.
0,NEM,2016,NEM 2016 05 25 15 17 49 via D Houtz.JPG,2428,1703,2630,4154,1791,4222,2.142510204,4138,3.047,4191,2.192257143,4194,3.05717551,4200,2481,2236,884.4765343,1.723053061,2.748518367,5,25
0,CP1,1998,CP1 1998 05 31b post J Box.jpg,2178,1853,2176,3068,1179,2960,1.823908451,2972,2.374007042,2984,2.085302817,3099,2.791457746,3104,2170,2028,512.6353791,1.740028169,3.474204225,5,31
0,HUM,2021,HUM 2021 08 13.jpg,491,319,465,802,263,817,1.652610169,817,2.539949153,812,0,810,2.657322034,808,329,270,212.9963899,1.582186441,2.600983051,8,13
0,JR2,1999,JR2 1999 06 02 post Nicolas Cullen-12.jpg,1179,810,1174,1174,904,1239,0.405607143,1206,1.318223214,1237,1.145098214,1179,0.403133929,1249,1147,1035,404.33213,0,0.828526786,6,2
0,SDM,2014,SDM 2014 05 24 03 11 29 via D Houtz.JPG,3177,2634,2950,3971,2422,3966,1.615296512,3960,2.530040698,3950,1.459081395,3998,2.317459302,4003,3116,2944,620.9386282,1.644284884,2.48655814,5,24
0,DY2,2003,DY2 2003 05 09a pre J Box.JPG,369,272,304,440,261,438,0.909128205,466,1.662,464,0.67474359,434,1.420512821,438,373,334,140.7942238,0.965948718,1.257153846,5,9
0,GIT,1996,GIT 1996 J Box-2.jpg,1995,1165,1326,3242,1117,3162,1.282407407,3205,1.939,3212,1.383290123,3290,2.184367284,3304,2022,1698,1169.67509,1.638061728,1.748348765,J ,ox
0,JAR,2015,JAR 2015 05 06 18 16 16 via D Houtz.JPG,2200,1617,2139,4302,1742,4330,2.786358268,4316,3.48976378,4344,2.236720472,4150,2.785267717,4147,2004,1750,916.967509,2.358862205,2.822346457,5,6
0,PET,2012,PET 2012 05 25 06 10 58 via D Houtz.JPG,2277,1467,2572,3094,2402,2931,1.056203252,2877,1.872565041,2872,1.038186992,3052,2.048223577,3064,2186,1940,888.0866426,0.587780488,0.595662602,5,25
0,SWC,2020,SWC 2020 08 31 1822 via H Spangaard.jpg,614,311,689,689,346,681,0,668,2.200320755,695,0,663,2.174188679,683,324,271,191.3357401,0,1.750849057,8,31
0,SDL,2016,SDL 2016 05 20 13 54 45 via D Houtz.JPG,2550,1643,2833,3886,1612,3787,1.867185185,3894,3.229101852,3892,1.903092593,3797,3.014939815,3772,2650,2434,779.7833935,1.350375,2.789236111,5,20
0,SDM,1999,SDM 1999 _POST J Box.jpg,1855,1521,1383,2615,1383,2617,1.970961538,2652,2.620846154,2627,1.909169231,2643,2.561184615,2639,1854,1724,469.3140794,2.625107692,2.629369231,_P,ST
0,DY2,2021,DY2 2021 06 15 post J Box.jpg,789,547,612,1397,551,1384,2.235103448,1401,2.935563218,1379,2.212816092,1396,2.964218391,1399,788,701,314.0794224,2.499367816,2.652195402,6,15
0,NSE,2014,NSE 2014 05 25 05 51 00 via D Houtz.JPG,2521,1984,2697,3853,2085,3809,2.585940789,3861,3.601,3840,2.580473684,3838,3.613756579,3846,2574,2422,548.7364621,2.106657895,3.141763158,5,25
0,SDM,2009,SDM 2009 05 15 19 56 01 via D Houtz.JPG,2551,2013,3997,3997,1694,4047,2.644090909,4004,3.538884848,4000,2.736424242,4050,3.740339394,4067,2062,1897,595.66787,0,3.950187879,5,15
0,DY2,2010,DY2 2010 05 01 14 29 39 via D Houtz.JPG,2188,1649,1938,4040,1754,4024,2.947975845,4119,3.795033816,4143,2.735207729,4088,3.389570048,4081,2130,1923,747.2924188,2.812821256,3.03763285,5,1
0,CP1,2017,CP1 2017 05 23 17 17 58 via D Houtz.JPG,2232,3322,3370,3427,1275,3247,0,3291,1.293554487,3332,1.335282051,3330,-0.276112179,1851,2166,1854,1126.353791,0.050605769,1.750782051,5,23
0,GIT,2007,GIT 2007 05 03 13 10 15 via D Houtz.JPG,2055,2055,2055,2055,2055,2055,,2055,,2055,,2055,,2055,2055,2055,0,,,5,3
0,NSE,1999,NSE 1999 _PRE J Box.jpg,2346,1826,2440,2880,1530,2896,1.604970588,2825,2.989970588,2826,1.681009804,2872,3.076872549,2862,2340,2238,368.2310469,1.194901961,3.709627451,_P,E 
0,NSE,2021,NSE 2021 06 19b GEUS AWS Box.jpg.jpg,838,439,881,1582,486,1596,2.427473118,1571,3.687376344,1597,2.612139785,1601,3.630784946,1593,841,748,335.7400722,2.087924731,3.306129032,6,19
0,JAR,2008,JAR 2008 05 08 21 07 00 via D Houtz.JPG,2403,1726,1933,2537,1716,2269,0.313400641,2711,1.09024359,2726,0.213964744,2341,0.798150641,2352,1821,1509,1126.353791,0.53624359,0.490964744,5,8
0,PET,2003,PET 2003 05 PET ELA K Steffen-2.jpg,1107,690,1259,1526,1177,1429,1.112859649,1415,2.02404386,1422,1.251359649,1525,2.40795614,1525,1067,953,411.5523466,0.648763158,0.612315789,5,PE
0,TUN,2013,TUN 2013 05 28 15 13 17 via D Houtz.JPG,2359,1949,2376,3171,2162,3100,1.925627586,3229,2.777641379,3225,1.581765517,3105,2.357365517,3106,2356,2211,523.465704,1.518724138,1.791903448,5,28
0,NSE,2021,NSE 2021 06 19 J Box.jpg,1058,1058,1058,1058,1058,1058,,1058,,1058,,1058,,1058,1058,1058,0,,,6,19
0,NUL,2021,NUL 2021 09 10.jpg,895,306,885,885,308,975,0,886,2.19680198,976,1.980138614,978,1.993851485,976,270,169,364.6209386,0,1.82929703,9,10
0,SW1,2014,SW1 2014 05 04 07 46 34 via D Houtz.JPG,3450,396,4053,4053,4053,4053,1.454734266,4067,7.182629371,4059,1.485727273,4082,7.539048951,4109,3445,3302,516.2454874,0,0,5,4
0,NEM,2007,NEM 2007 05 03 14 41 44 via D Houtz.JPG,2051,1380,2117,2318,1575,2497,0.711144231,2302,1.578100962,2349,0.736447115,2487,1.735245192,2555,1972,1764,750.9025271,0.267677885,1.227855769,5,3
0,NAE,2022,NAE 2022 05 26a Ahlstr›m.jpg,888,607,913,1089,1089,1089,,1089,,1089,,1089,,1089,1089,1089,0,inf,,5,26
0,NAU,2013,NAU 2013 05 25 12 17 37 via D Houtz.JPG,1967,1508,1609,2989,1072,3095,2.938838095,3020,4.03892381,3022,3.321361905,3098,4.540161905,3095,2004,1899,379.0613718,3.640571429,5.336866667,5,25
0,SWC,2020,SWC 2020 08 10 14 07 44 via J Box.JPG,1470,263,1515,2245,1509,2268,4.191584906,2230,10.57303774,2239,4.301339623,2232,10.60962264,2228,1482,1429,191.3357401,3.815283019,3.966849057,8,10
0,SUM,2019,SUM 2019 04 28 22 28 15 via D Houtz.JPG,4743,3561,3887,6321,3437,6587,1.374371703,6494,2.141601918,6462,1.353779376,6383,2.103074341,6389,4827,4410,1505.415162,1.616829736,2.092446043,4,28
0,JAR,2006,JAR 2006 05 16 13 15 50 via D Houtz.JPG,2045,1458,1634,2173,1540,2130,0.394689119,2068,1.178326425,2062,0.453533679,2190,1.324720207,2184,1429,1236,696.7509025,0.773590674,0.846787565,5,16
0,TUN,2011,TUN 2011 06 02 08 30 16 via D Houtz.JPG,2104,1766,2126,3083,1848,3039,2.658183486,3059,3.458688073,3049,2.609899083,3026,3.420568807,3009,2119,2010,393.5018051,2.432009174,3.026669725,6,2
0,SW1,2002,SW1 2002 via J Box.jpg,539,197,652,652,652,652,1.939,655,7.125055556,649,1.862055556,648,7.140444444,647,542,524,64.98194946,0,0,vi, J
0,NUU,2021,NUU 2021 09 10-2.jpg,1268,388,1248,1248,448,1253,0,1250,1.992746269,1243,0,1230,1.912126866,1253,403,269,483.7545126,0,1.664067164,9,10
0,SDL,2003,SDL 2003 XX XXb J Box.JPG,652,500,697,713,490,685,0.639230769,689,1.612282051,682,0.610820513,711,1.761435897,716,638,599,140.7942238,0.113641026,1.385,XX,XX
0,PET,2016,PET 2016 05 26 16 23 22 via D Houtz.JPG,1741,1274,1852,3181,1885,3146,2.987496296,3086,3.863637037,3085,3.360933333,3199,4.306837037,3181,1751,1616,487.3646209,2.726911111,2.587385185,5,26
0,JR2,1999,JR2 1999 06 02 post Nicolas Cullen-7.jpg,820,536,836,836,611,849,0.235861386,806,1.154623762,864,0.266029703,867,0.907792079,792,543,442,364.6209386,0,0.652732673,6,2
0,HUM,1999,HUM 1999 J Box c.jpg,2278,1358,1515,2254,1350,2175,0.366535354,2324,1.642414141,2328,0,2188,1.436762626,2194,1354,1156,714.801444,1.033853535,1.154166667,J ,ox
0,SUM,2019,SUM 2019 04 28 22 28 15 via D Houtz.JPG,4743,3561,3887,6321,3437,6587,1.374371703,6494,2.141601918,6462,1.353779376,6383,2.103074341,6389,4827,4410,1505.415162,1.616829736,2.092446043,4,28
0,JAR,2006,JAR 2006 05 16 13 15 50 via D Houtz.JPG,2045,1458,1634,2173,1540,2130,0.394689119,2068,1.178326425,2062,0.453533679,2190,1.324720207,2184,1429,1236,696.7509025,0.773590674,0.846787565,5,16
0,TUN,2011,TUN 2011 06 02 08 30 16 via D Houtz.JPG,2104,1766,2126,3083,1848,3039,2.658183486,3059,3.458688073,3049,2.609899083,3026,3.420568807,3009,2119,2010,393.5018051,2.432009174,3.026669725,6,2
0,SW1,2002,SW1 2002 via J Box.jpg,539,197,652,652,652,652,1.939,655,7.125055556,649,1.862055556,648,7.140444444,647,542,524,64.98194946,0,0,vi, J
0,NUU,2021,NUU 2021 09 10-2.jpg,1268,388,1248,1248,448,1253,0,1250,1.992746269,1243,0,1230,1.912126866,1253,403,269,483.7545126,0,1.664067164,9,10
0,SDL,2003,SDL 2003 XX XXb J Box.JPG,652,500,697,713,490,685,0.639230769,689,1.612282051,682,0.610820513,711,1.761435897,716,638,599,140.7942238,0.113641026,1.385,XX,XX
0,PET,2016,PET 2016 05 26 16 23 22 via D Houtz.JPG,1741,1274,1852,3181,1885,3146,2.987496296,3086,3.863637037,3085,3.360933333,3199,4.306837037,3181,1751,1616,487.3646209,2.726911111,2.587385185,5,26
0,JR2,1999,JR2 1999 06 02 post Nicolas Cullen-7.jpg,820,536,836,836,611,849,0.235861386,806,1.154623762,864,0.266029703,867,0.907792079,792,543,442,364.6209386,0,0.652732673,6,2
0,HUM,1999,HUM 1999 J Box c.jpg,2278,1358,1515,2254,1350,2175,0.366535354,2324,1.642414141,2328,0,2188,1.436762626,2194,1354,1156,714.801444,1.033853535,1.154166667,J ,ox
0,JAR,2019,JAR 2019 05 04 14 56 45 via D Houtz.JPG,2094,1409,2255,3313,1432,3333,1.60817004,3322,2.302352227,3337,1.678821862,3385,2.310202429,3250,2123,1876,891.6967509,1.186502024,2.131890688,5,4
0,EGP,2016,EGP 2016 05 24 22 40 17 via D Houtz.JPG,2343,1433,2464,4409,2470,4150,2.990940476,4085,4.387482143,4173,3.930761905,4419,5.760940476,4434,1673,1505,606.4981949,3.206934524,2.77,5,24
0,JAR,2020,JAR 2020 08 07c J Box.jpg,1604,354,1591,1591,420,1687,0,1596,2.673496774,1686,0,1589,2.319651613,1687,340,185,559.566787,0,2.264251613,8,7
0,SUM,2004,SUM 2004 04 04 12 09 14 via D Houtz.JPG,1205,934,1016,1353,783,1344,0.699789474,1343,1.422905263,1334,0.667715789,1356,1.472473684,1352,938,843,342.9602888,0.982621053,1.635757895,4,4
0,NGP,1998,NGP 1998 B J Box.jpg,1933,965,1071,1075,331,331,0,1742,0,613,0,1712,0,663,952,591,1303.249097,0.003069252,0,B , B
0,HUM,1999,HUM 1999 J Box b.jpg,3553,2353,2616,3594,2340,3774,0.356758755,3625,1.628587549,3639,0.388015564,3665,1.744992218,3671,2370,2113,927.7978339,1.054108949,1.545595331,J ,ox
0,SWC,2005,SWC 2005 05 16 J Box.JPG,1603,1317,1400,1852,1389,1861,1.273430556,1882,2.362194444,1902,1.119541667,1821,1.950541667,1821,1621,1549,259.9277978,1.738944444,1.815888889,5,16
0,JAR,2010,JAR 2010 05 12 12 18 57 via D Houtz.JPG,2456,1812,2021,3889,1812,4191,1.945953975,3927,2.661054393,3963,2.03867364,3996,2.767682008,4007,2480,2241,862.8158845,2.165004184,2.757251046,5,12
0,HUM,2015,HUM 2015 05 20 19 07 53 via D Houtz.JPG,2362,1493,2494,3184,2171,3018,1.161269231,3168,2.044473077,3183,1.085626923,3124,2.072173077,3121,2332,2072,938.6281588,0.735115385,0.902380769,5,20
0,NAU,2015,NAU 2015 01 01 01 44 41 via D Houtz.JPG,6130,4175,4750,6131,2906,6396,0,6147,1.423137681,5944,0.148536232,6243,1.638582126,6220,4203,3789,1494.584838,0.924002415,2.335096618,1,1
0,HUM,1999,HUM 1999 _POST J Box-2.jpg,1753,1208,1748,2452,1603,2472,1.355432584,2450,2.239342697,2460,1.322752809,2440,2.163089888,2448,1752,1574,642.599278,1.095550562,1.352320225,_P,ST
0,NGP,2005,NGP 2005 05 25c pre K Steffen.jpg,2530,1874,1605,2597,1260,2593,0.498834746,2761,1.313402542,2762,0.431932203,2674,1.150254237,2675,2569,2333,851.9855596,1.164338983,1.564580508,5,25
0,CP1,2007,CP1 2007 04 26 Koni.JPG,2203,1585,1927,2719,772,2966,1.428736842,2849,2.513046053,2823,1.527144737,2882,2.644256579,2863,1592,1440,548.7364621,1.443315789,3.998276316,4,26
0,GIT,2017,GIT 2017 07 30 17 05 18 via H Machguth.JPG,3337,3337,3337,3337,3337,3337,,3337,,3337,,3337,,3337,3337,3337,0,,,7,30
0,DY2,2006,DY2 2006 05 07b post.jpg,937,706,855,1628,1649,1649,2.612139785,1680,3.377612903,1681,2.192172043,1625,2.817655914,1624,893,800,335.7400722,2.302376344,0,5,7
0,JR3,2002,JR3 2002 b JBox.JPG,315,225,492,492,245,491,2.098807692,492,3.047,495,2.066846154,488,3.025692308,489,320,294,93.86281588,0,2.620846154,b ,Bo
0,NGP,1997,NGP 1997 J Box.jpg,1447,1056,1521,2058,1032,2053,1.86144,2034,2.94174,2029,1.88083,2045,3.02761,2058,1055,955,361.0108303,1.48749,2.82817,J ,ox
0,NSE,2013,NSE 2013 05 22 05 40 33 via D Houtz.JPG,2412,1819,2680,2818,1937,2544,0.757028409,2842,1.567568182,2688,0,2734,1.347227273,2561,2527,2351,635.3790614,0.217193182,0.955335227,5,22
0,NSE,2018,NSE 2018 b.JPG,5013,3687,5345,6973,4014,6803,1.823103858,6987,3.051109792,7024,1.745017804,6884,2.862059347,6898,3654,3317,1216.606498,1.338148368,2.292442136,b.,PG
0,SUM,1999,SUM 1999 b.jpg,1742,1412,1533,1776,1450,1758,0.438787611,1786,1.137415929,1794,0.384858407,1809,1.188893805,1819,1719,1606,407.9422383,0.595672566,0.75500885,b.,pg
0,HUM,2011,HUM 2011 06 01 08 00 38 via D Houtz.JPG,1798,1231,1873,3021,1709,3064,2.28826087,3095,3.224641304,3098,2.164815217,3085,2.885918478,3053,1760,1576,664.2599278,1.72823913,2.03986413,6,1
0,NSE,2016,NSE 2016 05 20 17 17 43 via D Houtz.JPG,3779,2374,3969,3969,2931,4057,0.4674375,3817,1.396803977,3697,0.30296875,4013,1.252795455,3734,2246,1894,1270.758123,0,0.886085227,5,20
0,HUM,2010,HUM 2010 05 07 12 47 01 via D Houtz.JPG,2150,1478,2245,3863,2031,3884,2.675539171,3996,3.668654378,4027,2.47640553,3903,3.289534562,3903,2118,1901,783.3935018,2.065373272,2.36535023,5,7
0,CP1,2005,CP1 2005 05 02 20 01 51 via J Box.JPG,1013,840,928,1460,677,1467,3.360447368,1447,4.490315789,1444,3.520815789,1452,4.811052632,1448,1021,983,137.1841155,3.878,5.758684211,5,2
0,JR3,2003,JR3 2003 06 03post K Steffen.jpg,1075,528,1291,1291,637,1318,0.769013986,1320,1.764664336,1318,0.75158042,1296,1.803405594,1287,1058,915,516.2454874,0,1.31913986,6,3
0,TUN,1996,TUN 1996 B J Box-2.jpg,2142,1543,2245,2850,1761,2721,1.864330435,2791,3.17466087,2782,1.967904348,2866,3.653991304,2856,1585,1470,415.1624549,1.45726087,2.312347826,B , B
0,NEM,2008,NEM 2008 08 14 02 02 45 via D Houtz.JPG,124,83,133,183,95,185,1.2742,179,2.086733333,181,1.2188,182,2.012866667,183,124,109,54.15162455,0.923333333,1.662,8,14
0,DY2,1998,DY2 1998 04 27b pre2 J Box.jpg,2133,1500,1633,2213,1451,2085,0.355536398,2251,1.061302682,2251,0.367210728,2261,1.03689272,2256,2165,1904,942.2382671,0.615555556,0.6728659,4,27
0,DY2,2017,DY2 2017 05 22 22 06 26 via D Houtz.JPG,1676,1468,1581,2327,1469,2358,2.50891954,2341,3.228482759,2331,0,2326,2.811390805,2325,1637,1550,314.0794224,2.375195402,2.830494253,5,22
0,HUM,2015,HUM 2015 05 20 21 51 28 via D Houtz.JPG,1491,477,1688,4523,1318,4517,2.955835443,4524,3.968287975,4544,2.97775,4570,3.712325949,4533,1453,1137,1140.794224,2.485110759,2.804186709,5,20
0,SDL,2009,SDL 2009 04 26 12 02 38 via D Houtz.JPG,3696,2674,2911,3638,2933,3640,0.209936842,3710,1.241154386,3663,0.22257193,3678,1.140073684,3644,2663,2378,1028.880866,0.706592982,0.687154386,4,26
0,NGP,2005,NGP 2005 05 26d pre J Box.JPG,1547,1136,982,1587,787,1588,0.47644,1700,1.300053333,1695,0.480133333,1646,1.159706667,1651,1134,984,541.5162455,1.117233333,1.47918,5,26
0,SDL,2006,SDL 2006 05 07 13 17 04 via D Houtz.JPG,1237,874,965,2079,968,2054,2.989689655,2102,4.190022989,2080,2.986505747,2090,4.049931034,2071,1248,1161,314.0794224,3.546873563,3.457724138,5,7
0,DY2,1998,DY2 1998 04 29b post J Box.jpg,1717,1488,1562,1972,1256,1980,1.057057471,1966,1.779804598,1963,1.053873563,1966,1.763885057,1959,1492,1405,314.0794224,1.305402299,2.305149425,4,29
0,NAE,2021,NAE 2021 08 18 via D Houtz.jpg,2470,1723,2532,2532,1662,2417,0.508324468,2681,1.675260638,2683,0.518638298,2623,1.636952128,2694,2516,2328,678.700361,0,1.112420213,8,18
0,NAE,2018,NAE 2018 via D Houtz sm.jpg,2072,1320,2217,2812,1218,2843,1.520352273,2838,2.696028409,2822,1.411755682,2820,2.5795625,2822,2041,1865,635.3790614,0.936448864,2.557528409,vi, D
0,TUN,2015,TUN 2015 05 21 20 24 48 via D Houtz.JPG,3473,2729,3448,4015,2966,3669,0.851482394,4171,1.686383803,4184,0.640806338,3877,1.321602113,3888,3560,3276,1025.270758,0.553024648,0.685672535,5,21
0,NSE,2010,NSE 2010 04 30 15 17 35 via D Houtz.JPG,1976,1535,2054,3755,1655,3833,4.397084034,3737,5.442235294,3761,0,3731,5.188512605,3719,1970,1851,429.6028881,3.959470588,5.069798319,4,30
0,SDM,1997,SDM 1997 b J Box.jpg,1358,1008,1444,2087,1071,2061,2.0498,2057,2.943754545,2053,2.034690909,2077,2.923609091,2096,991,881,397.1119134,1.619190909,2.493,b , B
0,NEM,2015,NEM 2015 05 20 17 11 30 via D Houtz.JPG,2461,1703,2573,2983,1875,3012,0.858923387,2938,1.662,2948,0.738294355,2996,1.636310484,2994,2411,2163,895.3068592,0.457943548,1.269955645,5,20
0,GIT,2008,GIT 2008 04 28 17 31 07 via D Houtz.JPG,2152,1747,1813,2705,1458,2715,0,2762,1.734547619,2688,1.170654762,2767,1.965380952,2752,1791,1623,606.4981949,1.470738095,2.072553571,4,28
0,GIT,1999,GIT 1999 05 04 post J Box.jpg,2003,1670,1715,2706,1433,2645,2.051445545,2672,3.02780198,2711,1.969168317,2643,2.887930693,2646,2012,1911,364.6209386,2.717891089,3.324,5,4
0,TUN,2014,TUN 2014 05 19 00 05 50 via D Houtz.JPG,2871,2077,2846,3806,2419,3797,1.296908127,3945,2.109310954,3938,1.22545583,3893,1.970321555,3861,2056,1773,1021.66065,0.939646643,1.348784452,5,19
0,JAR,2007,JAR 2007 05 18 07 54 57 via D Houtz.JPG,1571,1084,1231,1758,1117,1890,0.636074074,1879,1.421640212,1879,0.61115873,1805,1.275079365,1798,1630,1441,682.3104693,0.772375661,1.132915344,5,18
0,SDM,2005,SDM 2005 05 27 10 24 35 via D Houtz.JPG,2181,1765,2179,2179,1437,2120,0.350007752,2253,1.228248062,2244,0.161046512,2133,1.045728682,2150,1793,1664,465.7039711,0,1.466596899,5,27
0,CP1,1998,CP1 1998 05 31a post J Box.jpg,2039,1660,2048,3038,906,2931,1.649535,3060,2.272785,3096,1.391925,2869,1.923765,2900,2062,1862,722.0216606,1.37115,2.804625,5,31
0,PET,2014,PET 2014 05 20 02 21 02 via D Houtz.JPG,2342,1622,2569,3579,2492,3508,1.941715686,3549,2.825671569,3534,1.993313725,3598,3.112176471,3610,2320,2116,736.4620939,1.371421569,1.379568627,5,20
0,GIT,2006,GIT 2006 04 27 14 26 07 via D Houtz.JPG,2108,1883,2175,2350,1935,2348,0.835946429,2334,0,2342,0,2341,0.793901786,2334,2106,1994,404.33213,0.4328125,1.0214375,4,27
0,DY2,2002,DY2 2002 05 24post J Box.JPG,1198,925,1587,1587,894,1566,1.16145614,1579,2.026473684,1598,0,1574,0,1574,1212,1098,411.5523466,0,1.632842105,5,24
0,SDM,2021,SDM 2021 06 21 J Box.jpg,925,925,925,925,812,970,,926,,922,,922,,922,922,922,0,,inf,6,21
0,SWC,2012,SWC 2012 05 22 15 36 31 via D Houtz.JPG,3038,2322,3425,3487,3321,3321,0.600929752,3515,1.506330579,3501,0,3307,0,3307,2411,2169,873.6462094,0.070966942,0,5,22
0,NAE,2022,NAE 2022 05 26b Ahlstr›m.jpeg,607,379,609,1125,356,1135,2.0532625,1097,2.9950625,1129,1.92515,1114,2.624575,1087,584,504,288.8086643,1.78665,2.6972875,5,26
0,SDL,1999,SDL 1999 _POST J Box.jpg,1723,1342,1805,2726,1241,2723,2.808472222,2712,3.770277778,2709,2.911064815,2750,3.931861111,2757,1724,1616,389.8916968,2.362194444,3.801055556,_P,ST
0,HUM,1995,HUM 1995 J Box-2.jpg,1608,936,2289,2289,978,2295,1.386689024,2296,2.428817073,2291,1.479585366,2297,2.639945122,2292,1628,1464,592.0577617,0,2.224445122,J ,ox
0,NAU,2005,NAU 2005 05 25 before J Box.JPG,1420,1020,1137,1758,1120,1759,1.354643836,1694,2.800356164,1707,1.605082192,1763,3.028027397,1754,1404,1331,263.5379061,2.35639726,2.42469863,5,25
0,NAE,2015,NAE 2015 05 22 18 47 31 via D Houtz.JPG,2364,1454,2539,4414,1550,4275,2.7873125,4403,3.870580357,4380,2.819464286,4436,3.915098214,4432,2348,2124,808.6642599,2.318638393,3.369754464,5,22
0,NAU,2016,NAU 2016 05 24 15 08 23 via D Houtz.JPG,3025,2215,2489,3632,1767,3790,1.517830409,3788,2.901210526,3787,1.522690058,3801,2.909309942,3794,2968,2797,617.3285199,1.851526316,3.277023392,5,24
0,JAR,2002,JAR 2002 05 10post J Box.jpg,473,323,390,508,334,457,0.262160714,470,1.004125,473,0.272053571,479,1.023910714,480,324,268,202.166065,0.583678571,0.608410714,5,10
0,JAR,2007,JAR 2007 05 10 07 47 46 via D Houtz.JPG,2334,1757,1961,3191,1842,3196,1.237029915,3166,1.970961538,3153,1.205068376,3166,1.859688034,3177,2342,2108,844.765343,1.456025641,1.602811966,5,10
0,JAR,2011,JAR 2011 05 08 14 16 58 via D Houtz.JPG,2824,2141,2408,3019,2176,2720,0.271021583,2912,1.038251799,2934,0.307888489,2868,0.998395683,2900,2171,1893,1003.610108,0.608802158,0.542043165,5,8
0,NGP,2005,NGP 2005 05 26 post J Box.JPG,2106,1652,1674,2445,1498,2398,0.854938272,2462,1.749203704,2482,0.83612963,2453,1.608993827,2462,2113,1951,584.8375451,1.318314815,1.538888889,5,26
0,SDM,1999,SDM 1999 J Box.jpg,1797,1249,1913,2599,1251,2713,1.591576271,2666,2.447615819,2655,1.317706215,2521,2.217564972,2542,1821,1644,638.9891697,1.073570621,2.287988701,J ,ox
0,DY2,1998,DY2 1998 04 26-29 J Box extension B.jpg,1647,1647,1736,2475,1307,2446,1.958030534,2447,1.953801527,2433,1.964374046,2455,1.985519084,2455,1640,1509,472.9241877,1.562618321,2.408419847,4,26
0,JAR,2016,JAR 2016 05 06 21 09 21 via D Houtz.JPG,2047,1431,2228,2228,1549,3478,2.12319797,3446,2.786873096,3395,2.428319797,3558,3.520852792,3674,1586,1389,711.1913357,0,2.712350254,5,6
0,CP1,2019,CP1 2019 05 10 17 46 57 via D Houtz.JPG,2578,1841,2184,2986,1382,3027,0.930475138,3136,2.099690608,3104,1.010055249,3009,2.093569061,2990,2706,2525,653.4296029,1.227370166,2.517486188,5,10
0,HUM,2014,HUM 2014 05 20 00 30 45 via D Houtz.JPG,2954,2026,2964,4042,2674,4053,1.396498113,4008,2.345615094,4068,1.415313208,4011,2.435509434,4021,2934,2669,956.6787004,1.126815094,1.441445283,5,20
0,DY2,2019,DY2 2019 05 17 23 43 41 via D Houtz.JPG,2361,1748,2064,3492,1772,3657,1.678890244,3556,2.441203252,3546,0,3620,2.192353659,3545,2299,2053,888.0866426,1.60795122,2.12254065,5,17
0,CP1,2002,CP1 2002 a J Box.JPG,557,419,501,733,280,741,1.610973684,738,2.602342105,726,1.494342105,729,0,735,558,520,137.1841155,1.691157895,3.360447368,a , B
0,JAR,2003,JAR 2003 unsure year with Molly.JPG,540,425,655,655,453,653,1.037139535,664,1.80372093,662,0.985604651,660,1.777953488,657,544,501,155.234657,0,1.288372093,un,ur
0,SUM,1999,SUM 1999 - unsure - calibration - lower arm moved up.jpg,2640,1973,2162,3026,1976,3056,1.320126394,3033,1.371613383,3068,0.665211896,3069,0.672420074,3051,1994,1725,971.1191336,0.889695167,1.112118959,- ,ns
0,NGP,2005,NGP 2005 05 25b pre K Steffen.jpg,2426,1794,1518,2530,1243,2470,0.507217778,2640,1.339448889,2640,0.464128889,2583,1.221262222,2576,1772,1547,812.2743682,1.245884444,1.510573333,5,25
0,NEM,2016,NEM 2016 05 25 13 54 57 via D Houtz.JPG,2942,1811,3056,3160,2110,3270,0.450314208,3054,1.287368852,3156,0.367062842,3278,1.328237705,3273,2824,2458,1321.299639,0.078710383,0.877923497,5,25
0,NAU,1995,NAU 1995 J Box-2.jpg,1376,929,1035,2041,941,2041,1.608578571,2049,2.449471429,2057,1.549221429,2031,2.328778571,2045,1371,1231,505.4151625,1.990442857,2.176428571,J ,ox
0,DY2,1997,DY2 1997 04 18a J Box.jpg,2384,1894,2655,2655,2012,2652,0.805146667,2662,1.713706667,2668,0.76452,2654,1.665693333,2655,2384,2234,541.5162455,0,1.181866667,4,18
0,SDM,2017,SDM 2017 05 22 17 16 40 via D Houtz.JPG,1768,1370,1432,2889,1147,2792,2.657148148,2886,3.642037037,2907,2.189325926,2772,3.057259259,2792,1726,1591,487.3646209,2.989548148,3.375296296,5,22
0,CP1,2002,CP1 2002 05 24b J Box.jpg,484,354,435,663,182,666,1.809733333,644,2.9916,640,1.8559,660,3.148566667,660,347,317,108.3032491,2.1052,4.468933333,5,24
0,SDL,2017,SDL 2017 05 07 BAV.jpg,1784,1275,1949,2180,1304,2177,0.99183871,2179,2.249508065,2187,1.137040323,2146,2.224935484,2102,1853,1729,447.6534296,0.516024194,1.950169355,5,7
0,TUN,2003,TUN 2003 05 31 10 09 40 via D Houtz.JPG,1519,1265,2141,2141,1376,2133,2.489580247,2171,3.293222222,2164,2.376728395,2141,3.259024691,2134,1522,1441,292.4187726,0,2.588753086,5,31
0,TUN,1998,TUN 1998 J Box 2.jpg,3532,2672,3390,4039,2957,4082,0.845238318,4005,1.946766355,4009,0.921607477,4083,2.020546729,4085,3554,3340,772.5631769,0.840060748,1.456191589,J ,ox
0,JAR,2009,JAR 2009 04 30 07 50 49 via D Houtz.JPG,2426,1790,2113,3373,1817,3674,1.586765432,3466,2.3448107,3462,1.342823045,3442,2.043872428,3443,2307,2064,877.2563177,1.436296296,2.11682716,4,30
0,SWC,1999,SWC 1999 05 25 Nicolas Cullen-10.jpg,962,678,736,1390,692,1304,1.457397727,1347,2.411159091,1303,1.331488636,1319,2.316727273,1303,967,879,317.6895307,2.058613636,1.926409091,5,25
0,HUM,1995,HUM 1995 C J Box-2.jpg,2160,1277,1537,3058,1292,3208,1.448824885,3080,2.505764977,3067,1.533073733,3151,2.690857143,3154,2156,1939,783.3935018,1.941552995,2.445769585,C , B
0,DY2,2002,DY2 2002 05 24pre J Box.JPG,1137,1020,1154,1154,884,1151,0.421270833,1160,1.154166667,1166,0.357791667,1162,1.03875,1159,1134,1086,173.2851986,0,1.5408125,5,24
0,SW1,2009,SW1 2009 04 24 05 46 28 via D Houtz.JPG,2627,967,3666,3666,3666,3666,3.543023256,3669,8.760930233,3626,3.629988372,3667,9.057255814,3673,2654,2568,310.4693141,0,0,4,24
0,GIT,1999,GIT 1999 04 29 J Box.jpg,3293,2426,2644,3306,2087,3340,0.251614555,3319,0.937768194,3355,0,3397,0.875051213,3314,2465,2094,1339.350181,0.494269542,0.935528302,4,29
0,HUM,2008,HUM 2008 04 29 17 40 20 via D Houtz.JPG,1340,898,1211,2977,1063,2975,2.997535714,2796,3.715757143,2784,3.577257143,2919,4.5428,2927,1420,1280,505.4151625,3.494157143,3.783028571,4,29